date,sku_id,units_sold,price,on_promo,views
2025-02-23,SKU_01,110,101.81,0,999
2025-02-24,SKU_01,97,160.78,0,972
2025-02-25,SKU_01,90,311.27,0,1089
2025-02-26,SKU_01,101,521.39,0,1121
2025-02-27,SKU_01,115,180.21,0,2044
2025-02-28,SKU_01,124,307.03,1,1124
2025-03-01,SKU_01,95,333.43,0,1161
2025-03-02,SKU_01,92,475.53,0,994
2025-03-03,SKU_01,106,549.21,0,1453
2025-03-04,SKU_01,105,674.3,0,1786
2025-03-05,SKU_01,98,235.39,0,597
2025-03-06,SKU_01,104,259.55,0,1332
2025-03-07,SKU_01,120,396.43,0,1099
2025-03-08,SKU_01,116,210.67,0,1276
2025-03-09,SKU_01,94,676.83,0,566
2025-03-10,SKU_01,157,375.74,1,1574
2025-03-11,SKU_01,112,394.34,0,1195
2025-03-12,SKU_01,102,706.28,0,691
2025-03-13,SKU_01,109,164.4,0,782
2025-03-14,SKU_01,90,679.85,0,621
2025-03-15,SKU_01,106,736.34,0,824
2025-03-16,SKU_01,112,96.92,0,1205
2025-03-17,SKU_01,105,497.81,0,503
2025-03-18,SKU_01,102,696.37,0,924
2025-03-19,SKU_01,99,297.07,0,1008
2025-03-20,SKU_01,94,668.08,0,443
2025-03-21,SKU_01,99,86.99,0,819
2025-03-22,SKU_01,102,97.97,0,1004
2025-03-23,SKU_01,99,248.72,0,893
2025-03-24,SKU_01,144,493.38,1,2321
2025-03-25,SKU_01,97,340.93,0,461
2025-03-26,SKU_01,112,724.34,0,2120
2025-03-27,SKU_01,93,94.53,0,1724
2025-03-28,SKU_01,105,340.99,0,1442
2025-03-29,SKU_01,113,722.22,0,1818
2025-03-30,SKU_01,105,704.63,0,535
2025-03-31,SKU_01,101,309.72,0,1861
2025-04-01,SKU_01,121,603.19,0,1685
2025-04-02,SKU_01,99,655.95,0,1576
2025-04-03,SKU_01,106,264.55,0,557
2025-04-04,SKU_01,107,96.42,0,871
2025-04-05,SKU_01,150,353.29,1,2276
2025-04-06,SKU_01,99,662.66,0,1615
2025-04-07,SKU_01,115,91.12,0,1171
2025-04-08,SKU_01,104,569.52,0,1995
2025-04-09,SKU_01,101,194.54,0,1595
2025-04-10,SKU_01,114,147.97,0,2160
2025-04-11,SKU_01,160,226.84,1,2225
2025-04-12,SKU_01,118,221.79,0,845
2025-04-13,SKU_01,165,730.48,1,1514
2025-04-14,SKU_01,127,84.9,1,1148
2025-04-15,SKU_01,107,719.95,0,1985
2025-04-16,SKU_01,174,254.77,1,2793
2025-04-17,SKU_01,198,180.66,1,3190
2025-04-18,SKU_01,106,244.76,0,582
2025-04-19,SKU_01,106,382.05,0,1599
2025-04-20,SKU_01,104,160.9,0,1407
2025-04-21,SKU_01,80,227.6,0,724
2025-04-22,SKU_01,103,96.38,0,975
2025-04-23,SKU_01,116,160.96,0,2287
2025-04-24,SKU_01,87,126.79,0,958
2025-04-25,SKU_01,98,295.86,0,1314
2025-04-26,SKU_01,105,496.73,0,843
2025-04-27,SKU_01,100,496.46,0,1200
2025-04-28,SKU_01,101,632.0,0,1772
2025-04-29,SKU_01,104,661.44,0,519
2025-04-30,SKU_01,107,180.99,0,850
2025-05-01,SKU_01,99,141.02,0,1495
2025-05-02,SKU_01,97,91.92,0,1289
2025-05-03,SKU_01,107,696.6,0,798
2025-05-04,SKU_01,138,162.46,0,2487
2025-05-05,SKU_01,105,360.24,0,1149
2025-05-06,SKU_01,87,419.71,0,618
2025-05-07,SKU_01,109,589.46,0,559
2025-05-08,SKU_01,105,104.25,0,2047
2025-05-09,SKU_01,99,551.53,0,698
2025-05-10,SKU_01,104,332.16,0,1514
2025-05-11,SKU_01,232,540.57,1,2807
2025-05-12,SKU_01,128,147.31,1,1473
2025-05-13,SKU_01,85,596.01,0,1058
2025-05-14,SKU_01,108,444.23,0,1570
2025-05-15,SKU_01,102,475.79,0,919
2025-05-16,SKU_01,108,243.85,0,1978
2025-05-17,SKU_01,107,587.28,0,644
2025-05-18,SKU_01,104,229.64,0,617
2025-05-19,SKU_01,99,43.49,0,1889
2025-05-20,SKU_01,130,320.34,0,754
2025-05-21,SKU_01,123,273.45,0,727
2025-05-22,SKU_01,102,191.63,0,1582
2025-05-23,SKU_01,107,223.82,0,1807
2025-05-24,SKU_01,122,528.62,0,1132
2025-05-25,SKU_01,106,217.8,0,1601
2025-05-26,SKU_01,103,396.31,0,1751
2025-05-27,SKU_01,202,551.94,1,2017
2025-05-28,SKU_01,111,388.89,0,675
2025-05-29,SKU_01,112,354.86,0,697
2025-05-30,SKU_01,91,130.81,0,1003
2025-05-31,SKU_01,117,498.21,0,701
2025-06-01,SKU_01,222,446.21,1,3910
2025-06-02,SKU_01,114,69.39,0,1754
2025-06-03,SKU_01,87,277.18,0,1400
2025-06-04,SKU_01,109,659.02,0,799
2025-06-05,SKU_01,103,319.13,0,1347
2025-06-06,SKU_01,105,32.37,0,1237
2025-06-07,SKU_01,113,513.5,0,1619
2025-06-08,SKU_01,113,749.44,0,917
2025-06-09,SKU_01,96,587.76,0,875
2025-06-10,SKU_01,100,391.28,0,727
2025-06-11,SKU_01,110,655.57,0,1757
2025-06-12,SKU_01,123,230.3,0,1204
2025-06-13,SKU_01,110,642.75,0,1992
2025-06-14,SKU_01,141,511.16,0,2063
2025-06-15,SKU_01,113,721.14,0,2196
2025-06-16,SKU_01,119,387.56,0,2038
2025-06-17,SKU_01,106,108.14,0,1477
2025-06-18,SKU_01,114,595.48,0,590
2025-06-19,SKU_01,195,455.84,1,3313
2025-06-20,SKU_01,105,606.93,0,873
2025-06-21,SKU_01,140,732.0,0,1312
2025-06-22,SKU_01,133,717.95,0,624
2025-06-23,SKU_01,190,717.48,1,3607
2025-06-24,SKU_01,98,76.48,0,890
2025-06-25,SKU_01,110,738.29,0,1673
2025-06-26,SKU_01,88,729.81,0,890
2025-06-27,SKU_01,104,277.18,0,820
2025-06-28,SKU_01,116,521.95,0,1999
2025-06-29,SKU_01,110,550.71,0,1994
2025-06-30,SKU_01,117,58.54,0,2028
2025-07-01,SKU_01,99,602.39,0,663
2025-07-02,SKU_01,105,316.78,0,1047
2025-07-03,SKU_01,104,727.48,0,521
2025-07-04,SKU_01,109,511.47,0,1590
2025-07-05,SKU_01,94,675.74,0,1490
2025-07-06,SKU_01,190,498.88,1,940
2025-07-07,SKU_01,117,726.91,0,1813
2025-07-08,SKU_01,94,461.4,0,1184
2025-07-09,SKU_01,108,612.16,0,2059
2025-07-10,SKU_01,102,485.4,0,976
2025-07-11,SKU_01,107,357.64,0,630
2025-07-12,SKU_01,123,167.15,0,2084
2025-07-13,SKU_01,135,481.87,0,1653
2025-07-14,SKU_01,132,511.8,0,2363
2025-07-15,SKU_01,122,267.25,0,1273
2025-07-16,SKU_01,104,267.82,0,1445
2025-07-17,SKU_01,103,83.04,0,1872
2025-07-18,SKU_01,118,137.43,0,2246
2025-07-19,SKU_01,135,167.58,0,2472
2025-07-20,SKU_01,105,150.46,0,925
2025-07-21,SKU_01,111,225.51,0,1445
2025-07-22,SKU_01,103,166.1,0,823
2025-07-23,SKU_01,126,629.34,0,1675
2025-07-24,SKU_01,114,212.37,0,1407
2025-07-25,SKU_01,102,152.41,0,610
2025-07-26,SKU_01,123,476.49,0,1622
2025-07-27,SKU_01,113,553.25,0,1273
2025-07-28,SKU_01,104,473.26,0,1587
2025-07-29,SKU_01,112,261.76,0,1046
2025-07-30,SKU_01,106,95.64,0,1826
2025-07-31,SKU_01,111,514.75,0,1961
2025-08-01,SKU_01,113,407.09,0,702
2025-08-02,SKU_01,87,192.46,0,1076
2025-08-03,SKU_01,104,408.02,0,1568
2025-08-04,SKU_01,108,516.17,0,1987
2025-08-05,SKU_01,92,284.5,0,1326
2025-08-06,SKU_01,114,155.9,0,1523
2025-08-07,SKU_01,98,580.34,0,1546
2025-08-08,SKU_01,94,491.22,0,663
2025-08-09,SKU_01,119,150.28,0,1879
2025-08-10,SKU_01,106,479.73,0,1189
2025-08-11,SKU_01,109,156.66,0,979
2025-08-12,SKU_01,111,38.33,0,969
2025-08-13,SKU_01,110,218.42,0,1927
2025-08-14,SKU_01,104,604.56,0,1297
2025-08-15,SKU_01,189,600.14,1,2100
2025-08-16,SKU_01,164,401.69,1,2812
2025-08-17,SKU_01,128,327.38,0,1309
2025-08-18,SKU_01,96,477.49,0,558
2025-08-19,SKU_01,101,365.78,0,1727
2025-08-20,SKU_01,104,190.75,0,1566
2025-08-21,SKU_01,110,39.92,0,1580
2025-02-23,SKU_02,0,592.71,0,0
2025-02-24,SKU_02,0,97.94,0,2
2025-02-25,SKU_02,0,662.37,0,0
2025-02-26,SKU_02,1,598.87,0,15
2025-02-27,SKU_02,0,38.33,0,1
2025-02-28,SKU_02,1,670.55,0,3
2025-03-01,SKU_02,2,526.53,0,27
2025-03-02,SKU_02,0,598.22,1,0
2025-03-03,SKU_02,0,705.84,1,1
2025-03-04,SKU_02,0,176.58,0,0
2025-03-05,SKU_02,0,700.48,0,0
2025-03-06,SKU_02,1,66.94,0,9
2025-03-07,SKU_02,1,575.6,0,14
2025-03-08,SKU_02,0,576.05,0,0
2025-03-09,SKU_02,0,219.33,0,1
2025-03-10,SKU_02,2,546.6,0,32
2025-03-11,SKU_02,0,414.3,0,1
2025-03-12,SKU_02,0,564.72,0,2
2025-03-13,SKU_02,0,575.31,0,0
2025-03-14,SKU_02,2,97.17,0,33
2025-03-15,SKU_02,1,239.52,0,8
2025-03-16,SKU_02,0,53.74,0,1
2025-03-17,SKU_02,0,741.23,0,2
2025-03-18,SKU_02,0,556.49,0,2
2025-03-19,SKU_02,1,253.6,0,13
2025-03-20,SKU_02,0,279.95,0,1
2025-03-21,SKU_02,0,553.44,0,1
2025-03-22,SKU_02,0,396.0,0,0
2025-03-23,SKU_02,0,73.71,0,2
2025-03-24,SKU_02,1,109.39,0,12
2025-03-25,SKU_02,4,482.96,0,35
2025-03-26,SKU_02,0,457.07,1,2
2025-03-27,SKU_02,1,628.03,0,21
2025-03-28,SKU_02,0,518.57,0,1
2025-03-29,SKU_02,0,146.72,0,2
2025-03-30,SKU_02,0,466.98,0,0
2025-03-31,SKU_02,1,353.95,1,5
2025-04-01,SKU_02,0,395.82,1,0
2025-04-02,SKU_02,0,51.72,0,1
2025-04-03,SKU_02,1,256.02,0,15
2025-04-04,SKU_02,0,498.85,1,1
2025-04-05,SKU_02,0,448.48,0,0
2025-04-06,SKU_02,0,753.24,0,1
2025-04-07,SKU_02,0,506.56,1,1
2025-04-08,SKU_02,0,355.21,0,1
2025-04-09,SKU_02,0,149.71,0,0
2025-04-10,SKU_02,20,255.87,0,181
2025-04-11,SKU_02,1,406.96,0,4
2025-04-12,SKU_02,0,115.69,0,1
2025-04-13,SKU_02,0,598.22,1,1
2025-04-14,SKU_02,0,71.05,0,0
2025-04-15,SKU_02,1,181.29,0,6
2025-04-16,SKU_02,2,125.5,0,31
2025-04-17,SKU_02,0,247.66,0,0
2025-04-18,SKU_02,0,733.4,0,1
2025-04-19,SKU_02,0,242.34,0,2
2025-04-20,SKU_02,0,125.78,1,1
2025-04-21,SKU_02,0,40.68,1,1
2025-04-22,SKU_02,0,104.74,0,0
2025-04-23,SKU_02,0,83.55,1,2
2025-04-24,SKU_02,0,184.65,0,2
2025-04-25,SKU_02,0,461.88,0,1
2025-04-26,SKU_02,0,408.32,0,2
2025-04-27,SKU_02,0,127.01,0,0
2025-04-28,SKU_02,0,677.17,0,0
2025-04-29,SKU_02,0,632.0,0,2
2025-04-30,SKU_02,0,709.36,0,0
2025-05-01,SKU_02,3,596.34,0,32
2025-05-02,SKU_02,0,32.53,0,1
2025-05-03,SKU_02,0,520.26,0,1
2025-05-04,SKU_02,0,61.37,1,0
2025-05-05,SKU_02,0,43.26,0,0
2025-05-06,SKU_02,0,59.75,0,0
2025-05-07,SKU_02,68,303.84,0,594
2025-05-08,SKU_02,52,508.34,0,440
2025-05-09,SKU_02,0,76.46,0,1
2025-05-10,SKU_02,0,495.31,0,0
2025-05-11,SKU_02,0,617.35,0,0
2025-05-12,SKU_02,0,74.21,0,0
2025-05-13,SKU_02,1,393.25,0,14
2025-05-14,SKU_02,0,401.67,0,1
2025-05-15,SKU_02,0,722.53,0,2
2025-05-16,SKU_02,0,728.92,0,1
2025-05-17,SKU_02,0,646.45,0,0
2025-05-18,SKU_02,2,378.75,1,25
2025-05-19,SKU_02,0,200.57,0,1
2025-05-20,SKU_02,0,191.4,0,1
2025-05-21,SKU_02,0,322.02,0,1
2025-05-22,SKU_02,0,79.84,0,2
2025-05-23,SKU_02,0,400.69,0,0
2025-05-24,SKU_02,0,70.64,0,0
2025-05-25,SKU_02,0,332.89,1,0
2025-05-26,SKU_02,0,622.66,0,2
2025-05-27,SKU_02,0,224.73,0,0
2025-05-28,SKU_02,0,394.33,0,1
2025-05-29,SKU_02,0,272.9,0,0
2025-05-30,SKU_02,2,385.45,0,38
2025-05-31,SKU_02,0,626.89,0,2
2025-06-01,SKU_02,0,607.28,0,0
2025-06-02,SKU_02,0,384.39,0,1
2025-06-03,SKU_02,0,249.4,1,2
2025-06-04,SKU_02,0,80.94,0,3
2025-06-05,SKU_02,0,347.61,0,2
2025-06-06,SKU_02,0,397.3,0,0
2025-06-07,SKU_02,1,709.22,0,12
2025-06-08,SKU_02,0,515.6,0,0
2025-06-09,SKU_02,0,568.89,0,2
2025-06-10,SKU_02,2,478.96,0,36
2025-06-11,SKU_02,1,540.06,1,9
2025-06-12,SKU_02,0,673.37,0,0
2025-06-13,SKU_02,0,90.03,1,1
2025-06-14,SKU_02,0,242.48,0,2
2025-06-15,SKU_02,0,210.55,0,1
2025-06-16,SKU_02,0,175.43,0,0
2025-06-17,SKU_02,0,214.41,0,0
2025-06-18,SKU_02,0,236.41,0,1
2025-06-19,SKU_02,0,599.32,1,3
2025-06-20,SKU_02,0,642.39,0,1
2025-06-21,SKU_02,0,571.43,0,2
2025-06-22,SKU_02,0,190.24,0,0
2025-06-23,SKU_02,0,737.58,0,1
2025-06-24,SKU_02,0,485.25,0,1
2025-06-25,SKU_02,0,524.48,0,1
2025-06-26,SKU_02,0,208.19,0,2
2025-06-27,SKU_02,0,618.47,0,1
2025-06-28,SKU_02,0,427.95,0,2
2025-06-29,SKU_02,0,81.14,0,0
2025-06-30,SKU_02,11,506.1,0,181
2025-07-01,SKU_02,0,284.15,0,0
2025-07-02,SKU_02,0,579.3,0,1
2025-07-03,SKU_02,0,540.72,0,0
2025-07-04,SKU_02,1,528.73,0,13
2025-07-05,SKU_02,0,360.23,0,1
2025-07-06,SKU_02,0,530.44,0,0
2025-07-07,SKU_02,3,174.87,0,51
2025-07-08,SKU_02,0,660.67,0,1
2025-07-09,SKU_02,57,249.84,0,1110
2025-07-10,SKU_02,0,654.66,0,0
2025-07-11,SKU_02,0,652.09,0,0
2025-07-12,SKU_02,2,68.29,0,10
2025-07-13,SKU_02,0,575.46,1,0
2025-07-14,SKU_02,42,472.71,0,669
2025-07-15,SKU_02,2,554.08,0,18
2025-07-16,SKU_02,2,659.87,0,12
2025-07-17,SKU_02,1,279.48,0,24
2025-07-18,SKU_02,0,101.33,0,2
2025-07-19,SKU_02,0,621.81,0,1
2025-07-20,SKU_02,0,375.88,0,1
2025-07-21,SKU_02,0,658.74,0,0
2025-07-22,SKU_02,0,516.05,0,0
2025-07-23,SKU_02,1,371.33,0,16
2025-07-24,SKU_02,0,119.25,0,2
2025-07-25,SKU_02,2,636.75,0,10
2025-07-26,SKU_02,1,601.16,0,13
2025-07-27,SKU_02,0,407.25,0,0
2025-07-28,SKU_02,0,278.28,0,0
2025-07-29,SKU_02,2,538.25,0,19
2025-07-30,SKU_02,0,176.08,0,0
2025-07-31,SKU_02,0,655.18,0,0
2025-08-01,SKU_02,0,463.89,0,2
2025-08-02,SKU_02,0,693.95,0,0
2025-08-03,SKU_02,0,727.13,0,2
2025-08-04,SKU_02,0,682.9,0,0
2025-08-05,SKU_02,0,86.64,0,0
2025-08-06,SKU_02,1,204.48,0,18
2025-08-07,SKU_02,0,689.78,0,2
2025-08-08,SKU_02,0,240.49,0,1
2025-08-09,SKU_02,0,115.01,0,0
2025-08-10,SKU_02,0,280.24,0,1
2025-08-11,SKU_02,0,88.68,0,0
2025-08-12,SKU_02,0,536.29,1,1
2025-08-13,SKU_02,2,338.41,0,15
2025-08-14,SKU_02,0,683.01,0,1
2025-08-15,SKU_02,0,382.27,0,0
2025-08-16,SKU_02,78,707.47,0,1023
2025-08-17,SKU_02,1,202.29,0,28
2025-08-18,SKU_02,0,468.14,0,2
2025-08-19,SKU_02,0,51.81,0,1
2025-08-20,SKU_02,0,191.64,0,1
2025-08-21,SKU_02,0,355.11,1,3
2025-02-23,SKU_03,11,184.44,0,129
2025-02-24,SKU_03,16,118.74,1,173
2025-02-25,SKU_03,8,267.05,0,111
2025-02-26,SKU_03,11,50.79,1,119
2025-02-27,SKU_03,2,416.57,0,32
2025-02-28,SKU_03,9,89.1,0,131
2025-03-01,SKU_03,9,118.83,0,96
2025-03-02,SKU_03,10,558.2,0,140
2025-03-03,SKU_03,10,336.33,0,152
2025-03-04,SKU_03,12,215.27,1,164
2025-03-05,SKU_03,5,297.93,0,84
2025-03-06,SKU_03,7,456.16,0,90
2025-03-07,SKU_03,13,154.48,1,262
2025-03-08,SKU_03,7,655.79,0,71
2025-03-09,SKU_03,3,223.26,0,21
2025-03-10,SKU_03,11,248.97,0,105
2025-03-11,SKU_03,9,97.64,0,82
2025-03-12,SKU_03,16,260.17,1,77
2025-03-13,SKU_03,11,234.33,0,108
2025-03-14,SKU_03,8,64.09,0,126
2025-03-15,SKU_03,10,252.8,0,143
2025-03-16,SKU_03,10,146.93,0,155
2025-03-17,SKU_03,9,375.26,0,135
2025-03-18,SKU_03,4,287.14,0,45
2025-03-19,SKU_03,7,713.7,0,77
2025-03-20,SKU_03,9,366.92,0,187
2025-03-21,SKU_03,5,348.69,0,36
2025-03-22,SKU_03,7,702.52,0,79
2025-03-23,SKU_03,7,194.56,0,137
2025-03-24,SKU_03,8,48.69,0,127
2025-03-25,SKU_03,13,532.16,0,153
2025-03-26,SKU_03,16,381.26,1,131
2025-03-27,SKU_03,5,469.07,0,71
2025-03-28,SKU_03,10,601.38,0,103
2025-03-29,SKU_03,11,557.32,0,142
2025-03-30,SKU_03,9,288.68,0,77
2025-03-31,SKU_03,7,258.83,0,98
2025-04-01,SKU_03,8,46.91,0,123
2025-04-02,SKU_03,6,345.21,0,52
2025-04-03,SKU_03,5,500.91,0,60
2025-04-04,SKU_03,7,486.18,0,79
2025-04-05,SKU_03,9,306.33,0,88
2025-04-06,SKU_03,10,221.1,0,132
2025-04-07,SKU_03,7,461.7,0,31
2025-04-08,SKU_03,11,710.82,0,147
2025-04-09,SKU_03,9,172.25,0,128
2025-04-10,SKU_03,11,328.59,0,182
2025-04-11,SKU_03,9,404.47,0,53
2025-04-12,SKU_03,8,624.27,0,32
2025-04-13,SKU_03,4,440.58,0,49
2025-04-14,SKU_03,6,396.51,0,97
2025-04-15,SKU_03,5,358.99,0,79
2025-04-16,SKU_03,18,425.86,1,159
2025-04-17,SKU_03,4,757.6,0,16
2025-04-18,SKU_03,8,242.34,0,150
2025-04-19,SKU_03,3,642.59,0,24
2025-04-20,SKU_03,8,236.88,0,70
2025-04-21,SKU_03,9,706.3,0,202
2025-04-22,SKU_03,9,137.5,0,106
2025-04-23,SKU_03,17,368.93,0,297
2025-04-24,SKU_03,12,464.2,1,109
2025-04-25,SKU_03,9,346.47,0,127
2025-04-26,SKU_03,12,281.43,0,81
2025-04-27,SKU_03,10,565.06,0,127
2025-04-28,SKU_03,8,732.69,0,124
2025-04-29,SKU_03,6,285.82,0,36
2025-04-30,SKU_03,9,619.74,0,55
2025-05-01,SKU_03,7,130.07,0,73
2025-05-02,SKU_03,8,248.32,0,104
2025-05-03,SKU_03,6,47.36,0,36
2025-05-04,SKU_03,6,284.69,0,69
2025-05-05,SKU_03,5,265.54,0,45
2025-05-06,SKU_03,4,397.77,0,58
2025-05-07,SKU_03,5,58.62,0,27
2025-05-08,SKU_03,11,218.03,0,200
2025-05-09,SKU_03,7,720.3,0,75
2025-05-10,SKU_03,21,411.74,1,173
2025-05-11,SKU_03,7,264.51,0,117
2025-05-12,SKU_03,6,56.94,0,66
2025-05-13,SKU_03,13,306.13,0,174
2025-05-14,SKU_03,9,244.08,0,67
2025-05-15,SKU_03,8,385.6,0,83
2025-05-16,SKU_03,15,52.37,0,225
2025-05-17,SKU_03,7,590.96,0,74
2025-05-18,SKU_03,12,538.51,1,65
2025-05-19,SKU_03,9,464.91,1,163
2025-05-20,SKU_03,10,430.68,0,78
2025-05-21,SKU_03,5,393.69,0,31
2025-05-22,SKU_03,10,417.7,0,65
2025-05-23,SKU_03,12,304.98,0,181
2025-05-24,SKU_03,7,627.52,0,125
2025-05-25,SKU_03,9,285.03,0,67
2025-05-26,SKU_03,4,557.78,0,52
2025-05-27,SKU_03,9,463.62,0,158
2025-05-28,SKU_03,6,651.07,0,65
2025-05-29,SKU_03,8,398.64,0,70
2025-05-30,SKU_03,13,105.47,0,246
2025-05-31,SKU_03,8,381.32,0,90
2025-06-01,SKU_03,8,393.8,0,39
2025-06-02,SKU_03,11,127.03,1,59
2025-06-03,SKU_03,9,355.88,0,131
2025-06-04,SKU_03,9,536.41,0,79
2025-06-05,SKU_03,9,462.68,0,115
2025-06-06,SKU_03,9,253.42,0,117
2025-06-07,SKU_03,13,549.23,0,231
2025-06-08,SKU_03,4,459.38,0,26
2025-06-09,SKU_03,8,279.54,0,137
2025-06-10,SKU_03,9,708.5,0,37
2025-06-11,SKU_03,8,143.93,0,132
2025-06-12,SKU_03,3,628.73,0,43
2025-06-13,SKU_03,8,131.48,0,112
2025-06-14,SKU_03,5,192.97,0,83
2025-06-15,SKU_03,15,342.57,0,62
2025-06-16,SKU_03,4,146.16,0,44
2025-06-17,SKU_03,6,678.57,0,68
2025-06-18,SKU_03,13,559.23,1,72
2025-06-19,SKU_03,8,117.05,0,42
2025-06-20,SKU_03,7,494.14,0,78
2025-06-21,SKU_03,4,652.0,0,22
2025-06-22,SKU_03,7,343.76,0,46
2025-06-23,SKU_03,10,177.96,0,169
2025-06-24,SKU_03,11,122.54,0,81
2025-06-25,SKU_03,20,299.32,1,308
2025-06-26,SKU_03,9,212.85,0,66
2025-06-27,SKU_03,10,118.19,0,57
2025-06-28,SKU_03,12,702.73,0,57
2025-06-29,SKU_03,4,458.61,0,33
2025-06-30,SKU_03,8,723.41,0,74
2025-07-01,SKU_03,9,735.52,0,153
2025-07-02,SKU_03,10,121.17,0,147
2025-07-03,SKU_03,14,203.97,0,127
2025-07-04,SKU_03,7,246.61,0,101
2025-07-05,SKU_03,8,636.06,0,71
2025-07-06,SKU_03,7,123.62,0,84
2025-07-07,SKU_03,19,393.83,1,308
2025-07-08,SKU_03,10,565.41,0,179
2025-07-09,SKU_03,3,570.27,0,23
2025-07-10,SKU_03,7,229.91,0,133
2025-07-11,SKU_03,5,614.94,0,25
2025-07-12,SKU_03,4,720.82,0,42
2025-07-13,SKU_03,5,316.8,0,35
2025-07-14,SKU_03,13,609.79,1,253
2025-07-15,SKU_03,12,568.95,0,63
2025-07-16,SKU_03,5,695.45,0,81
2025-07-17,SKU_03,8,427.13,0,96
2025-07-18,SKU_03,6,408.63,0,67
2025-07-19,SKU_03,9,347.32,0,104
2025-07-20,SKU_03,6,527.55,0,103
2025-07-21,SKU_03,3,547.21,0,32
2025-07-22,SKU_03,12,36.76,0,133
2025-07-23,SKU_03,10,359.11,1,155
2025-07-24,SKU_03,8,156.22,0,50
2025-07-25,SKU_03,9,352.2,0,46
2025-07-26,SKU_03,5,175.56,0,85
2025-07-27,SKU_03,9,559.15,0,108
2025-07-28,SKU_03,11,456.45,0,151
2025-07-29,SKU_03,6,603.33,0,92
2025-07-30,SKU_03,13,223.25,0,192
2025-07-31,SKU_03,4,191.81,0,82
2025-08-01,SKU_03,6,648.73,0,102
2025-08-02,SKU_03,17,436.23,1,197
2025-08-03,SKU_03,11,566.02,0,101
2025-08-04,SKU_03,7,288.71,0,124
2025-08-05,SKU_03,11,342.9,0,156
2025-08-06,SKU_03,9,297.14,0,116
2025-08-07,SKU_03,5,509.04,0,95
2025-08-08,SKU_03,10,487.17,0,193
2025-08-09,SKU_03,11,327.64,0,90
2025-08-10,SKU_03,8,646.7,0,113
2025-08-11,SKU_03,6,296.55,0,81
2025-08-12,SKU_03,7,32.46,0,69
2025-08-13,SKU_03,8,194.48,0,45
2025-08-14,SKU_03,18,32.31,1,245
2025-08-15,SKU_03,19,111.85,1,266
2025-08-16,SKU_03,8,687.96,0,128
2025-08-17,SKU_03,9,559.45,0,56
2025-08-18,SKU_03,9,520.57,0,176
2025-08-19,SKU_03,8,346.04,1,154
2025-08-20,SKU_03,12,396.62,0,58
2025-08-21,SKU_03,8,93.0,0,64
2025-02-23,SKU_04,219,581.14,0,4162
2025-02-24,SKU_04,181,609.93,0,1426
2025-02-25,SKU_04,193,473.36,0,2285
2025-02-26,SKU_04,150,84.21,0,2652
2025-02-27,SKU_04,214,306.07,0,2074
2025-02-28,SKU_04,200,487.87,0,3075
2025-03-01,SKU_04,190,172.42,0,3589
2025-03-02,SKU_04,385,652.09,1,5576
2025-03-03,SKU_04,186,332.5,0,1296
2025-03-04,SKU_04,185,408.87,0,3526
2025-03-05,SKU_04,192,35.57,0,3463
2025-03-06,SKU_04,189,488.34,0,3435
2025-03-07,SKU_04,168,499.58,0,2679
2025-03-08,SKU_04,279,639.82,1,3143
2025-03-09,SKU_04,206,522.38,0,1657
2025-03-10,SKU_04,156,635.21,0,2013
2025-03-11,SKU_04,182,150.71,0,2002
2025-03-12,SKU_04,203,629.45,0,2669
2025-03-13,SKU_04,207,487.12,0,3167
2025-03-14,SKU_04,205,488.23,0,3584
2025-03-15,SKU_04,191,247.62,0,2482
2025-03-16,SKU_04,193,581.81,0,2101
2025-03-17,SKU_04,208,703.62,0,2951
2025-03-18,SKU_04,199,503.26,0,3778
2025-03-19,SKU_04,184,496.54,0,1809
2025-03-20,SKU_04,189,688.63,0,3523
2025-03-21,SKU_04,318,388.52,1,2214
2025-03-22,SKU_04,207,506.41,0,2103
2025-03-23,SKU_04,223,582.23,0,2934
2025-03-24,SKU_04,204,734.19,0,3941
2025-03-25,SKU_04,202,486.89,0,2642
2025-03-26,SKU_04,216,282.75,0,2939
2025-03-27,SKU_04,194,328.52,0,3296
2025-03-28,SKU_04,172,582.56,0,1208
2025-03-29,SKU_04,189,397.0,0,2426
2025-03-30,SKU_04,250,82.45,0,3268
2025-03-31,SKU_04,225,123.74,0,2215
2025-04-01,SKU_04,196,575.54,0,2914
2025-04-02,SKU_04,192,671.65,0,1172
2025-04-03,SKU_04,178,351.59,0,3292
2025-04-04,SKU_04,342,168.24,1,5775
2025-04-05,SKU_04,235,117.1,0,3279
2025-04-06,SKU_04,218,131.8,0,4210
2025-04-07,SKU_04,197,494.52,0,1337
2025-04-08,SKU_04,191,656.88,0,1499
2025-04-09,SKU_04,190,215.74,0,2301
2025-04-10,SKU_04,191,77.99,0,2698
2025-04-11,SKU_04,179,89.85,0,2046
2025-04-12,SKU_04,206,330.88,0,1437
2025-04-13,SKU_04,197,588.73,0,3386
2025-04-14,SKU_04,187,549.11,0,2442
2025-04-15,SKU_04,173,115.12,0,1197
2025-04-16,SKU_04,206,449.57,0,3816
2025-04-17,SKU_04,194,73.36,0,2878
2025-04-18,SKU_04,196,384.3,0,2562
2025-04-19,SKU_04,221,158.24,0,3112
2025-04-20,SKU_04,224,70.76,0,2432
2025-04-21,SKU_04,351,227.86,1,4974
2025-04-22,SKU_04,212,153.13,0,4034
2025-04-23,SKU_04,190,214.94,0,3439
2025-04-24,SKU_04,209,528.24,0,1882
2025-04-25,SKU_04,368,129.23,1,4089
2025-04-26,SKU_04,214,653.31,0,2363
2025-04-27,SKU_04,224,620.25,0,2057
2025-04-28,SKU_04,194,191.5,0,2260
2025-04-29,SKU_04,204,296.02,0,1462
2025-04-30,SKU_04,186,623.0,0,965
2025-05-01,SKU_04,188,74.34,0,2626
2025-05-02,SKU_04,197,646.81,0,1767
2025-05-03,SKU_04,203,112.64,0,2218
2025-05-04,SKU_04,196,243.73,0,1577
2025-05-05,SKU_04,190,116.68,0,2453
2025-05-06,SKU_04,223,654.9,0,1093
2025-05-07,SKU_04,186,166.11,0,1902
2025-05-08,SKU_04,195,480.95,0,1807
2025-05-09,SKU_04,201,352.69,0,2221
2025-05-10,SKU_04,175,437.83,0,2948
2025-05-11,SKU_04,203,448.31,0,1888
2025-05-12,SKU_04,175,144.62,0,1940
2025-05-13,SKU_04,198,652.95,0,3304
2025-05-14,SKU_04,224,237.7,0,2791
2025-05-15,SKU_04,369,253.88,1,5218
2025-05-16,SKU_04,192,669.88,0,3288
2025-05-17,SKU_04,215,53.77,0,3401
2025-05-18,SKU_04,223,319.14,0,2239
2025-05-19,SKU_04,191,162.27,0,2532
2025-05-20,SKU_04,204,458.45,0,2837
2025-05-21,SKU_04,170,626.67,0,1668
2025-05-22,SKU_04,183,92.75,0,2932
2025-05-23,SKU_04,193,249.1,0,1386
2025-05-24,SKU_04,368,682.2,1,1827
2025-05-25,SKU_04,181,650.87,0,1959
2025-05-26,SKU_04,178,555.78,0,2909
2025-05-27,SKU_04,192,454.63,0,2184
2025-05-28,SKU_04,201,658.34,0,3406
2025-05-29,SKU_04,196,691.46,0,3605
2025-05-30,SKU_04,203,629.01,0,2310
2025-05-31,SKU_04,191,439.49,0,2232
2025-06-01,SKU_04,196,281.98,0,2394
2025-06-02,SKU_04,182,332.77,0,2555
2025-06-03,SKU_04,192,313.66,0,2462
2025-06-04,SKU_04,189,266.66,0,2123
2025-06-05,SKU_04,185,661.75,0,1288
2025-06-06,SKU_04,195,107.55,0,3641
2025-06-07,SKU_04,208,153.51,0,1811
2025-06-08,SKU_04,342,136.66,1,5841
2025-06-09,SKU_04,163,72.25,0,3189
2025-06-10,SKU_04,193,748.7,0,3110
2025-06-11,SKU_04,217,561.49,0,4144
2025-06-12,SKU_04,183,245.88,0,3503
2025-06-13,SKU_04,181,363.69,0,1475
2025-06-14,SKU_04,196,97.17,0,1215
2025-06-15,SKU_04,201,473.93,0,1770
2025-06-16,SKU_04,204,38.1,0,2290
2025-06-17,SKU_04,203,228.59,0,2847
2025-06-18,SKU_04,177,604.59,0,924
2025-06-19,SKU_04,197,314.22,0,1592
2025-06-20,SKU_04,184,137.5,0,2002
2025-06-21,SKU_04,202,623.66,0,1236
2025-06-22,SKU_04,211,671.53,0,1525
2025-06-23,SKU_04,221,167.15,0,1079
2025-06-24,SKU_04,189,484.76,0,2670
2025-06-25,SKU_04,181,240.01,0,2690
2025-06-26,SKU_04,332,376.54,1,3207
2025-06-27,SKU_04,174,491.8,0,888
2025-06-28,SKU_04,233,664.22,0,1589
2025-06-29,SKU_04,205,374.41,0,2271
2025-06-30,SKU_04,176,71.65,0,2291
2025-07-01,SKU_04,275,194.95,1,3330
2025-07-02,SKU_04,183,303.6,0,3283
2025-07-03,SKU_04,219,289.6,0,1511
2025-07-04,SKU_04,192,284.55,0,1910
2025-07-05,SKU_04,217,673.73,0,2116
2025-07-06,SKU_04,179,186.29,0,3383
2025-07-07,SKU_04,175,122.76,0,1509
2025-07-08,SKU_04,181,527.8,0,3257
2025-07-09,SKU_04,155,462.32,0,1838
2025-07-10,SKU_04,260,520.03,1,2343
2025-07-11,SKU_04,187,375.39,0,1831
2025-07-12,SKU_04,213,220.64,0,1266
2025-07-13,SKU_04,200,536.14,0,1744
2025-07-14,SKU_04,197,344.81,0,3704
2025-07-15,SKU_04,179,48.24,0,918
2025-07-16,SKU_04,208,645.0,0,3391
2025-07-17,SKU_04,187,484.76,0,2984
2025-07-18,SKU_04,184,567.18,0,3277
2025-07-19,SKU_04,180,79.05,0,3419
2025-07-20,SKU_04,226,538.89,0,3351
2025-07-21,SKU_04,206,638.23,0,1820
2025-07-22,SKU_04,186,123.86,0,2947
2025-07-23,SKU_04,196,335.5,0,2325
2025-07-24,SKU_04,421,347.31,1,6354
2025-07-25,SKU_04,176,222.39,0,3123
2025-07-26,SKU_04,219,555.24,0,2755
2025-07-27,SKU_04,189,401.21,0,1822
2025-07-28,SKU_04,195,410.83,0,2259
2025-07-29,SKU_04,210,95.91,0,3898
2025-07-30,SKU_04,218,269.03,0,1054
2025-07-31,SKU_04,235,546.85,0,2096
2025-08-01,SKU_04,217,136.47,0,2031
2025-08-02,SKU_04,176,408.98,0,2292
2025-08-03,SKU_04,311,137.75,1,5704
2025-08-04,SKU_04,208,316.78,0,1703
2025-08-05,SKU_04,195,153.24,0,3680
2025-08-06,SKU_04,209,86.98,0,1875
2025-08-07,SKU_04,181,80.87,0,1101
2025-08-08,SKU_04,167,600.52,0,1028
2025-08-09,SKU_04,343,421.34,1,4433
2025-08-10,SKU_04,248,475.92,0,2998
2025-08-11,SKU_04,180,727.36,0,2702
2025-08-12,SKU_04,215,276.05,0,2608
2025-08-13,SKU_04,176,605.21,0,3426
2025-08-14,SKU_04,194,254.6,0,990
2025-08-15,SKU_04,195,353.75,0,2131
2025-08-16,SKU_04,227,74.95,0,4312
2025-08-17,SKU_04,212,37.11,0,3257
2025-08-18,SKU_04,183,399.36,0,893
2025-08-19,SKU_04,199,450.43,0,2805
2025-08-20,SKU_04,215,185.57,0,3403
2025-08-21,SKU_04,201,665.9,0,1022
2025-02-23,SKU_05,122,231.52,0,1501
2025-02-24,SKU_05,110,333.95,0,763
2025-02-25,SKU_05,99,117.07,0,612
2025-02-26,SKU_05,102,560.66,0,1124
2025-02-27,SKU_05,98,151.0,0,1077
2025-02-28,SKU_05,97,582.06,0,1797
2025-03-01,SKU_05,112,93.83,0,1020
2025-03-02,SKU_05,111,382.24,0,1261
2025-03-03,SKU_05,102,635.01,0,496
2025-03-04,SKU_05,103,251.69,0,1178
2025-03-05,SKU_05,104,328.58,0,1910
2025-03-06,SKU_05,121,245.83,0,2118
2025-03-07,SKU_05,110,691.65,0,1168
2025-03-08,SKU_05,117,204.63,0,2121
2025-03-09,SKU_05,117,680.2,0,2151
2025-03-10,SKU_05,129,629.26,0,1718
2025-03-11,SKU_05,96,640.98,0,1515
2025-03-12,SKU_05,130,576.36,0,2008
2025-03-13,SKU_05,101,597.9,0,1816
2025-03-14,SKU_05,113,479.16,0,1152
2025-03-15,SKU_05,97,544.82,0,980
2025-03-16,SKU_05,132,662.97,0,1556
2025-03-17,SKU_05,105,154.09,0,1035
2025-03-18,SKU_05,125,403.24,0,1790
2025-03-19,SKU_05,117,310.73,0,589
2025-03-20,SKU_05,121,490.0,0,1962
2025-03-21,SKU_05,104,274.81,0,1978
2025-03-22,SKU_05,129,550.53,0,779
2025-03-23,SKU_05,144,513.16,0,2500
2025-03-24,SKU_05,104,376.25,0,1506
2025-03-25,SKU_05,85,206.34,0,1440
2025-03-26,SKU_05,103,262.64,0,612
2025-03-27,SKU_05,106,647.25,0,1976
2025-03-28,SKU_05,122,392.59,0,714
2025-03-29,SKU_05,115,637.5,0,1875
2025-03-30,SKU_05,136,129.0,0,1258
2025-03-31,SKU_05,114,116.05,0,1418
2025-04-01,SKU_05,107,126.44,0,557
2025-04-02,SKU_05,122,60.41,0,1475
2025-04-03,SKU_05,112,671.55,0,1933
2025-04-04,SKU_05,114,513.92,0,1830
2025-04-05,SKU_05,129,324.06,0,1596
2025-04-06,SKU_05,122,255.07,0,2332
2025-04-07,SKU_05,122,730.46,0,612
2025-04-08,SKU_05,115,424.68,0,1343
2025-04-09,SKU_05,124,435.2,0,1657
2025-04-10,SKU_05,115,350.31,0,2157
2025-04-11,SKU_05,115,695.9,0,816
2025-04-12,SKU_05,132,310.01,0,1105
2025-04-13,SKU_05,132,696.84,0,1888
2025-04-14,SKU_05,109,635.89,0,1743
2025-04-15,SKU_05,106,481.26,0,1659
2025-04-16,SKU_05,104,584.49,0,1471
2025-04-17,SKU_05,98,253.25,0,1825
2025-04-18,SKU_05,129,632.11,0,1854
2025-04-19,SKU_05,111,352.62,0,1041
2025-04-20,SKU_05,110,397.63,0,1539
2025-04-21,SKU_05,118,683.79,0,1811
2025-04-22,SKU_05,128,334.39,0,628
2025-04-23,SKU_05,108,155.97,0,1076
2025-04-24,SKU_05,118,110.23,0,2291
2025-04-25,SKU_05,101,163.25,0,1305
2025-04-26,SKU_05,139,584.87,0,2552
2025-04-27,SKU_05,106,161.43,0,1154
2025-04-28,SKU_05,112,727.59,0,1177
2025-04-29,SKU_05,99,310.89,0,697
2025-04-30,SKU_05,113,390.61,0,1385
2025-05-01,SKU_05,123,618.16,0,1481
2025-05-02,SKU_05,107,345.82,0,687
2025-05-03,SKU_05,116,146.44,0,2073
2025-05-04,SKU_05,134,140.28,0,1623
2025-05-05,SKU_05,110,504.26,0,1558
2025-05-06,SKU_05,119,236.46,0,1213
2025-05-07,SKU_05,116,85.61,0,1567
2025-05-08,SKU_05,117,161.52,0,1419
2025-05-09,SKU_05,113,177.95,0,1100
2025-05-10,SKU_05,108,94.14,0,1088
2025-05-11,SKU_05,121,206.1,0,728
2025-05-12,SKU_05,118,367.34,0,1841
2025-05-13,SKU_05,105,45.27,0,1927
2025-05-14,SKU_05,106,266.33,0,1158
2025-05-15,SKU_05,105,694.37,0,491
2025-05-16,SKU_05,93,412.5,0,1532
2025-05-17,SKU_05,137,535.94,0,2355
2025-05-18,SKU_05,151,159.46,0,1542
2025-05-19,SKU_05,117,676.62,0,1606
2025-05-20,SKU_05,123,380.78,0,1773
2025-05-21,SKU_05,124,235.95,0,1450
2025-05-22,SKU_05,108,465.48,0,1666
2025-05-23,SKU_05,117,592.65,0,1384
2025-05-24,SKU_05,136,233.68,0,2445
2025-05-25,SKU_05,129,223.82,0,1009
2025-05-26,SKU_05,173,360.67,1,2964
2025-05-27,SKU_05,113,266.86,0,887
2025-05-28,SKU_05,105,643.41,0,1910
2025-05-29,SKU_05,111,314.88,0,1190
2025-05-30,SKU_05,106,167.77,0,1053
2025-05-31,SKU_05,231,407.92,1,2827
2025-06-01,SKU_05,121,569.67,0,1332
2025-06-02,SKU_05,112,632.93,0,1137
2025-06-03,SKU_05,109,452.77,0,736
2025-06-04,SKU_05,100,589.08,0,698
2025-06-05,SKU_05,111,210.88,0,1790
2025-06-06,SKU_05,114,93.14,0,571
2025-06-07,SKU_05,134,707.84,0,2384
2025-06-08,SKU_05,194,89.17,1,1770
2025-06-09,SKU_05,115,512.27,0,811
2025-06-10,SKU_05,116,677.4,0,2036
2025-06-11,SKU_05,121,327.4,0,1340
2025-06-12,SKU_05,214,86.74,1,3568
2025-06-13,SKU_05,117,54.38,0,1728
2025-06-14,SKU_05,164,428.15,1,990
2025-06-15,SKU_05,118,182.93,0,1454
2025-06-16,SKU_05,115,58.81,0,2181
2025-06-17,SKU_05,128,445.14,0,1468
2025-06-18,SKU_05,97,51.13,0,1702
2025-06-19,SKU_05,201,103.05,1,2321
2025-06-20,SKU_05,219,88.59,1,3685
2025-06-21,SKU_05,127,305.66,0,2025
2025-06-22,SKU_05,123,29.96,0,1128
2025-06-23,SKU_05,253,344.76,1,1758
2025-06-24,SKU_05,114,719.38,0,783
2025-06-25,SKU_05,109,610.19,0,517
2025-06-26,SKU_05,118,695.31,0,862
2025-06-27,SKU_05,129,693.36,0,1951
2025-06-28,SKU_05,115,706.75,0,1290
2025-06-29,SKU_05,121,750.28,0,2015
2025-06-30,SKU_05,108,362.25,0,1831
2025-07-01,SKU_05,111,406.28,0,1469
2025-07-02,SKU_05,105,573.94,0,1222
2025-07-03,SKU_05,103,342.17,0,551
2025-07-04,SKU_05,111,466.69,0,1960
2025-07-05,SKU_05,127,543.31,0,637
2025-07-06,SKU_05,120,518.88,0,2127
2025-07-07,SKU_05,140,98.83,1,2119
2025-07-08,SKU_05,107,107.18,0,1293
2025-07-09,SKU_05,115,374.16,0,1824
2025-07-10,SKU_05,128,157.61,0,1023
2025-07-11,SKU_05,97,621.59,0,671
2025-07-12,SKU_05,125,130.81,0,1242
2025-07-13,SKU_05,112,326.36,0,551
2025-07-14,SKU_05,103,480.03,0,839
2025-07-15,SKU_05,119,548.06,0,1406
2025-07-16,SKU_05,98,492.33,0,997
2025-07-17,SKU_05,116,533.39,0,1595
2025-07-18,SKU_05,103,396.36,0,1562
2025-07-19,SKU_05,106,290.12,0,2011
2025-07-20,SKU_05,137,58.91,0,2215
2025-07-21,SKU_05,102,403.84,0,1571
2025-07-22,SKU_05,110,347.82,0,990
2025-07-23,SKU_05,118,746.54,0,1696
2025-07-24,SKU_05,176,34.94,1,2793
2025-07-25,SKU_05,104,604.99,0,1901
2025-07-26,SKU_05,124,69.12,0,1851
2025-07-27,SKU_05,122,607.61,0,1698
2025-07-28,SKU_05,118,522.61,0,2283
2025-07-29,SKU_05,113,742.98,0,2116
2025-07-30,SKU_05,97,337.68,0,984
2025-07-31,SKU_05,111,350.45,0,897
2025-08-01,SKU_05,116,404.42,0,1876
2025-08-02,SKU_05,120,207.1,0,1094
2025-08-03,SKU_05,132,152.33,0,1572
2025-08-04,SKU_05,88,654.44,0,1465
2025-08-05,SKU_05,97,427.28,0,968
2025-08-06,SKU_05,118,298.55,0,1699
2025-08-07,SKU_05,109,356.04,0,1557
2025-08-08,SKU_05,106,380.06,0,643
2025-08-09,SKU_05,103,442.74,0,1958
2025-08-10,SKU_05,112,293.05,0,667
2025-08-11,SKU_05,113,265.25,0,925
2025-08-12,SKU_05,171,617.32,1,1001
2025-08-13,SKU_05,97,451.22,0,1490
2025-08-14,SKU_05,216,482.0,1,4017
2025-08-15,SKU_05,111,425.88,0,1635
2025-08-16,SKU_05,106,642.68,0,1607
2025-08-17,SKU_05,121,475.47,0,951
2025-08-18,SKU_05,104,420.85,0,1152
2025-08-19,SKU_05,102,116.96,0,1505
2025-08-20,SKU_05,109,209.79,0,1611
2025-08-21,SKU_05,133,620.84,0,1519
2025-02-23,SKU_06,118,592.25,1,838
2025-02-24,SKU_06,60,430.89,0,793
2025-02-25,SKU_06,66,656.46,0,1228
2025-02-26,SKU_06,70,34.14,0,853
2025-02-27,SKU_06,57,187.32,0,511
2025-02-28,SKU_06,58,378.76,0,909
2025-03-01,SKU_06,61,674.13,0,1225
2025-03-02,SKU_06,55,663.59,0,928
2025-03-03,SKU_06,55,544.5,0,638
2025-03-04,SKU_06,74,555.43,0,731
2025-03-05,SKU_06,36,194.14,0,323
2025-03-06,SKU_06,44,481.78,0,197
2025-03-07,SKU_06,67,289.38,0,548
2025-03-08,SKU_06,54,353.49,0,435
2025-03-09,SKU_06,65,585.49,0,307
2025-03-10,SKU_06,55,671.27,0,716
2025-03-11,SKU_06,51,51.58,0,348
2025-03-12,SKU_06,49,485.85,0,693
2025-03-13,SKU_06,51,602.38,0,816
2025-03-14,SKU_06,77,277.53,1,1172
2025-03-15,SKU_06,104,415.81,1,1948
2025-03-16,SKU_06,62,635.09,0,942
2025-03-17,SKU_06,46,108.21,0,644
2025-03-18,SKU_06,50,288.79,0,928
2025-03-19,SKU_06,63,419.17,0,707
2025-03-20,SKU_06,65,350.48,0,600
2025-03-21,SKU_06,52,388.14,0,651
2025-03-22,SKU_06,62,627.76,0,1179
2025-03-23,SKU_06,69,237.87,0,1216
2025-03-24,SKU_06,57,380.45,0,613
2025-03-25,SKU_06,59,369.87,0,504
2025-03-26,SKU_06,50,408.34,0,809
2025-03-27,SKU_06,49,333.64,0,329
2025-03-28,SKU_06,79,462.36,0,644
2025-03-29,SKU_06,112,187.66,1,1634
2025-03-30,SKU_06,70,157.53,0,712
2025-03-31,SKU_06,60,358.82,0,468
2025-04-01,SKU_06,52,535.28,0,1004
2025-04-02,SKU_06,66,702.77,0,493
2025-04-03,SKU_06,49,133.16,0,897
2025-04-04,SKU_06,50,700.08,0,640
2025-04-05,SKU_06,64,538.67,0,332
2025-04-06,SKU_06,69,447.07,0,1262
2025-04-07,SKU_06,62,588.41,0,332
2025-04-08,SKU_06,50,106.79,0,835
2025-04-09,SKU_06,85,226.39,1,618
2025-04-10,SKU_06,41,348.22,0,714
2025-04-11,SKU_06,63,268.94,0,391
2025-04-12,SKU_06,59,676.92,0,858
2025-04-13,SKU_06,66,349.72,0,1240
2025-04-14,SKU_06,60,394.59,0,348
2025-04-15,SKU_06,52,535.69,0,691
2025-04-16,SKU_06,46,40.69,0,589
2025-04-17,SKU_06,48,508.82,0,958
2025-04-18,SKU_06,49,479.07,0,247
2025-04-19,SKU_06,117,453.45,1,1374
2025-04-20,SKU_06,65,75.64,0,1017
2025-04-21,SKU_06,49,471.42,0,860
2025-04-22,SKU_06,37,625.9,0,182
2025-04-23,SKU_06,86,545.38,1,1477
2025-04-24,SKU_06,58,361.66,0,577
2025-04-25,SKU_06,55,586.18,0,485
2025-04-26,SKU_06,59,680.39,0,757
2025-04-27,SKU_06,61,679.04,0,1111
2025-04-28,SKU_06,60,652.42,0,426
2025-04-29,SKU_06,76,655.43,0,846
2025-04-30,SKU_06,55,637.92,0,1041
2025-05-01,SKU_06,48,111.39,0,372
2025-05-02,SKU_06,61,71.13,0,818
2025-05-03,SKU_06,66,64.74,0,404
2025-05-04,SKU_06,50,690.61,0,805
2025-05-05,SKU_06,54,310.36,0,432
2025-05-06,SKU_06,62,721.54,0,959
2025-05-07,SKU_06,59,342.27,0,550
2025-05-08,SKU_06,57,337.63,0,453
2025-05-09,SKU_06,54,469.15,0,476
2025-05-10,SKU_06,53,259.37,0,982
2025-05-11,SKU_06,57,361.27,0,579
2025-05-12,SKU_06,64,626.76,0,1069
2025-05-13,SKU_06,61,709.01,0,333
2025-05-14,SKU_06,55,602.84,0,292
2025-05-15,SKU_06,64,417.73,0,456
2025-05-16,SKU_06,53,220.47,0,681
2025-05-17,SKU_06,74,88.9,0,941
2025-05-18,SKU_06,64,618.89,0,826
2025-05-19,SKU_06,52,462.4,0,880
2025-05-20,SKU_06,58,554.67,0,747
2025-05-21,SKU_06,83,513.59,1,818
2025-05-22,SKU_06,59,696.53,0,1026
2025-05-23,SKU_06,64,42.38,0,396
2025-05-24,SKU_06,55,117.28,0,926
2025-05-25,SKU_06,61,118.96,0,1155
2025-05-26,SKU_06,64,550.11,0,524
2025-05-27,SKU_06,47,324.89,0,615
2025-05-28,SKU_06,48,612.53,0,214
2025-05-29,SKU_06,67,604.34,0,1231
2025-05-30,SKU_06,56,717.08,0,1044
2025-05-31,SKU_06,49,311.36,0,677
2025-06-01,SKU_06,46,642.67,0,631
2025-06-02,SKU_06,50,64.93,0,846
2025-06-03,SKU_06,51,135.53,0,908
2025-06-04,SKU_06,54,220.5,0,596
2025-06-05,SKU_06,55,577.08,0,924
2025-06-06,SKU_06,65,286.69,0,572
2025-06-07,SKU_06,65,151.69,0,457
2025-06-08,SKU_06,80,72.99,0,875
2025-06-09,SKU_06,66,148.71,0,767
2025-06-10,SKU_06,52,496.72,0,279
2025-06-11,SKU_06,56,224.85,0,347
2025-06-12,SKU_06,55,438.42,0,518
2025-06-13,SKU_06,53,689.31,0,912
2025-06-14,SKU_06,54,748.44,0,281
2025-06-15,SKU_06,77,92.55,0,630
2025-06-16,SKU_06,58,66.25,0,291
2025-06-17,SKU_06,94,144.6,1,1014
2025-06-18,SKU_06,58,498.18,0,298
2025-06-19,SKU_06,42,756.37,0,662
2025-06-20,SKU_06,63,50.91,0,927
2025-06-21,SKU_06,62,433.54,0,506
2025-06-22,SKU_06,53,145.9,0,766
2025-06-23,SKU_06,67,631.33,0,844
2025-06-24,SKU_06,62,724.74,0,1225
2025-06-25,SKU_06,51,585.31,0,679
2025-06-26,SKU_06,65,539.71,0,453
2025-06-27,SKU_06,65,127.71,0,819
2025-06-28,SKU_06,59,318.74,0,1116
2025-06-29,SKU_06,54,623.62,0,803
2025-06-30,SKU_06,55,700.0,0,921
2025-07-01,SKU_06,85,520.29,1,1581
2025-07-02,SKU_06,60,84.62,0,1068
2025-07-03,SKU_06,69,163.7,0,1305
2025-07-04,SKU_06,45,536.98,0,350
2025-07-05,SKU_06,67,684.58,1,1116
2025-07-06,SKU_06,61,145.92,0,634
2025-07-07,SKU_06,52,733.32,0,637
2025-07-08,SKU_06,50,259.78,0,562
2025-07-09,SKU_06,66,590.71,0,321
2025-07-10,SKU_06,47,319.15,0,922
2025-07-11,SKU_06,94,706.03,1,1509
2025-07-12,SKU_06,56,476.19,0,836
2025-07-13,SKU_06,57,269.08,0,817
2025-07-14,SKU_06,49,118.78,0,242
2025-07-15,SKU_06,57,139.87,0,433
2025-07-16,SKU_06,57,177.24,0,923
2025-07-17,SKU_06,50,644.32,0,341
2025-07-18,SKU_06,44,110.96,0,870
2025-07-19,SKU_06,68,632.74,0,1141
2025-07-20,SKU_06,77,270.81,0,628
2025-07-21,SKU_06,44,283.27,0,640
2025-07-22,SKU_06,63,351.38,0,330
2025-07-23,SKU_06,42,183.67,0,224
2025-07-24,SKU_06,56,278.82,0,578
2025-07-25,SKU_06,59,57.6,0,674
2025-07-26,SKU_06,55,699.03,0,606
2025-07-27,SKU_06,57,358.1,0,1081
2025-07-28,SKU_06,70,594.07,0,765
2025-07-29,SKU_06,41,170.9,0,281
2025-07-30,SKU_06,52,155.48,0,674
2025-07-31,SKU_06,72,109.59,0,1380
2025-08-01,SKU_06,54,525.7,0,544
2025-08-02,SKU_06,65,586.29,0,305
2025-08-03,SKU_06,37,675.42,0,492
2025-08-04,SKU_06,57,587.01,0,728
2025-08-05,SKU_06,66,742.9,0,999
2025-08-06,SKU_06,55,679.3,0,429
2025-08-07,SKU_06,51,38.76,0,709
2025-08-08,SKU_06,63,112.9,0,513
2025-08-09,SKU_06,69,522.46,0,1189
2025-08-10,SKU_06,56,75.32,0,656
2025-08-11,SKU_06,56,598.41,0,808
2025-08-12,SKU_06,45,283.43,0,593
2025-08-13,SKU_06,68,470.62,0,412
2025-08-14,SKU_06,62,713.24,0,945
2025-08-15,SKU_06,56,32.36,0,955
2025-08-16,SKU_06,64,114.93,0,477
2025-08-17,SKU_06,43,589.15,0,573
2025-08-18,SKU_06,53,408.45,0,672
2025-08-19,SKU_06,55,208.75,0,771
2025-08-20,SKU_06,62,331.7,0,516
2025-08-21,SKU_06,48,333.07,0,967
2025-02-23,SKU_07,0,469.71,0,0
2025-02-24,SKU_07,0,361.77,0,1
2025-02-25,SKU_07,0,608.2,0,1
2025-02-26,SKU_07,0,542.81,0,0
2025-02-27,SKU_07,1,266.5,0,11
2025-02-28,SKU_07,0,370.23,1,0
2025-03-01,SKU_07,0,68.15,1,1
2025-03-02,SKU_07,0,242.48,1,2
2025-03-03,SKU_07,0,415.34,0,1
2025-03-04,SKU_07,0,672.08,0,1
2025-03-05,SKU_07,0,55.21,0,0
2025-03-06,SKU_07,1,523.47,0,19
2025-03-07,SKU_07,0,229.49,1,1
2025-03-08,SKU_07,0,103.34,0,2
2025-03-09,SKU_07,26,201.87,0,133
2025-03-10,SKU_07,0,157.36,0,1
2025-03-11,SKU_07,14,178.31,0,171
2025-03-12,SKU_07,0,389.8,0,0
2025-03-13,SKU_07,0,571.96,0,0
2025-03-14,SKU_07,18,657.01,0,336
2025-03-15,SKU_07,0,338.83,0,3
2025-03-16,SKU_07,0,62.16,0,1
2025-03-17,SKU_07,0,419.87,0,1
2025-03-18,SKU_07,0,52.76,0,3
2025-03-19,SKU_07,0,198.49,0,0
2025-03-20,SKU_07,0,395.28,0,0
2025-03-21,SKU_07,0,629.43,0,1
2025-03-22,SKU_07,0,214.65,0,0
2025-03-23,SKU_07,0,161.04,0,0
2025-03-24,SKU_07,0,531.9,0,1
2025-03-25,SKU_07,15,378.97,0,97
2025-03-26,SKU_07,0,108.21,0,0
2025-03-27,SKU_07,0,337.58,1,1
2025-03-28,SKU_07,0,454.94,0,0
2025-03-29,SKU_07,17,646.73,0,223
2025-03-30,SKU_07,0,277.65,0,2
2025-03-31,SKU_07,0,587.09,0,2
2025-04-01,SKU_07,16,475.91,0,128
2025-04-02,SKU_07,0,102.18,1,0
2025-04-03,SKU_07,0,38.48,0,1
2025-04-04,SKU_07,0,265.41,0,1
2025-04-05,SKU_07,0,649.51,0,1
2025-04-06,SKU_07,0,600.88,1,2
2025-04-07,SKU_07,53,219.36,0,490
2025-04-08,SKU_07,0,117.4,1,0
2025-04-09,SKU_07,0,339.91,1,2
2025-04-10,SKU_07,0,67.21,0,0
2025-04-11,SKU_07,62,48.52,0,963
2025-04-12,SKU_07,1,478.93,0,6
2025-04-13,SKU_07,1,417.41,0,6
2025-04-14,SKU_07,0,99.34,0,1
2025-04-15,SKU_07,1,677.56,0,14
2025-04-16,SKU_07,0,173.14,1,0
2025-04-17,SKU_07,0,677.3,0,3
2025-04-18,SKU_07,0,189.74,0,0
2025-04-19,SKU_07,1,123.43,0,8
2025-04-20,SKU_07,0,313.84,0,1
2025-04-21,SKU_07,0,505.18,1,1
2025-04-22,SKU_07,0,530.02,0,1
2025-04-23,SKU_07,0,199.49,0,0
2025-04-24,SKU_07,1,573.13,0,5
2025-04-25,SKU_07,0,426.99,0,1
2025-04-26,SKU_07,0,189.71,0,1
2025-04-27,SKU_07,0,267.24,0,4
2025-04-28,SKU_07,1,160.59,0,3
2025-04-29,SKU_07,9,476.55,0,53
2025-04-30,SKU_07,1,342.24,0,8
2025-05-01,SKU_07,27,314.97,0,289
2025-05-02,SKU_07,0,180.56,0,0
2025-05-03,SKU_07,0,210.38,1,3
2025-05-04,SKU_07,0,338.08,0,0
2025-05-05,SKU_07,0,441.01,0,1
2025-05-06,SKU_07,1,96.92,0,9
2025-05-07,SKU_07,0,559.43,0,1
2025-05-08,SKU_07,0,440.49,0,0
2025-05-09,SKU_07,0,490.15,0,1
2025-05-10,SKU_07,0,253.87,0,2
2025-05-11,SKU_07,24,511.31,0,160
2025-05-12,SKU_07,0,150.32,0,2
2025-05-13,SKU_07,0,626.29,0,0
2025-05-14,SKU_07,0,164.15,0,1
2025-05-15,SKU_07,0,299.79,0,2
2025-05-16,SKU_07,0,625.45,0,2
2025-05-17,SKU_07,0,551.03,0,2
2025-05-18,SKU_07,1,317.5,0,15
2025-05-19,SKU_07,17,666.58,0,304
2025-05-20,SKU_07,0,538.6,0,1
2025-05-21,SKU_07,0,417.18,0,0
2025-05-22,SKU_07,0,169.53,0,2
2025-05-23,SKU_07,30,350.0,1,278
2025-05-24,SKU_07,0,530.55,0,0
2025-05-25,SKU_07,0,393.26,0,0
2025-05-26,SKU_07,18,647.87,0,107
2025-05-27,SKU_07,0,614.06,0,0
2025-05-28,SKU_07,0,126.72,0,0
2025-05-29,SKU_07,0,167.74,0,0
2025-05-30,SKU_07,0,709.08,0,2
2025-05-31,SKU_07,0,743.55,0,0
2025-06-01,SKU_07,33,693.2,0,568
2025-06-02,SKU_07,0,162.45,0,1
2025-06-03,SKU_07,0,247.15,0,0
2025-06-04,SKU_07,0,374.68,0,1
2025-06-05,SKU_07,25,509.21,1,203
2025-06-06,SKU_07,0,300.73,0,2
2025-06-07,SKU_07,0,725.83,0,1
2025-06-08,SKU_07,0,413.62,0,2
2025-06-09,SKU_07,16,353.63,0,249
2025-06-10,SKU_07,0,385.85,0,0
2025-06-11,SKU_07,1,125.17,0,9
2025-06-12,SKU_07,0,693.12,0,0
2025-06-13,SKU_07,0,551.82,0,0
2025-06-14,SKU_07,1,651.25,0,18
2025-06-15,SKU_07,0,265.34,0,0
2025-06-16,SKU_07,0,357.44,0,1
2025-06-17,SKU_07,0,310.26,0,4
2025-06-18,SKU_07,13,531.59,0,71
2025-06-19,SKU_07,0,221.15,0,2
2025-06-20,SKU_07,0,236.38,0,2
2025-06-21,SKU_07,0,633.71,0,2
2025-06-22,SKU_07,0,741.77,1,0
2025-06-23,SKU_07,2,560.96,0,23
2025-06-24,SKU_07,9,83.26,0,162
2025-06-25,SKU_07,0,40.93,0,0
2025-06-26,SKU_07,0,676.77,0,2
2025-06-27,SKU_07,18,527.16,0,95
2025-06-28,SKU_07,0,100.43,1,2
2025-06-29,SKU_07,0,454.71,0,2
2025-06-30,SKU_07,0,479.16,0,0
2025-07-01,SKU_07,0,739.25,0,0
2025-07-02,SKU_07,0,288.9,0,1
2025-07-03,SKU_07,19,492.6,0,203
2025-07-04,SKU_07,0,513.44,0,3
2025-07-05,SKU_07,0,239.31,1,2
2025-07-06,SKU_07,0,49.7,1,1
2025-07-07,SKU_07,0,310.82,0,5
2025-07-08,SKU_07,15,157.84,0,153
2025-07-09,SKU_07,0,206.87,1,2
2025-07-10,SKU_07,0,103.8,0,0
2025-07-11,SKU_07,0,193.57,0,1
2025-07-12,SKU_07,0,242.81,0,1
2025-07-13,SKU_07,11,116.12,0,86
2025-07-14,SKU_07,0,107.21,0,2
2025-07-15,SKU_07,1,538.57,0,4
2025-07-16,SKU_07,0,692.67,0,0
2025-07-17,SKU_07,0,519.82,1,1
2025-07-18,SKU_07,0,114.52,0,0
2025-07-19,SKU_07,0,400.33,0,0
2025-07-20,SKU_07,0,579.93,0,3
2025-07-21,SKU_07,0,257.47,0,0
2025-07-22,SKU_07,1,444.52,0,12
2025-07-23,SKU_07,16,95.14,0,137
2025-07-24,SKU_07,0,491.92,0,1
2025-07-25,SKU_07,32,489.52,1,381
2025-07-26,SKU_07,0,103.97,0,0
2025-07-27,SKU_07,0,183.65,0,1
2025-07-28,SKU_07,1,380.49,0,6
2025-07-29,SKU_07,0,287.69,0,1
2025-07-30,SKU_07,0,606.18,0,1
2025-07-31,SKU_07,0,543.9,0,0
2025-08-01,SKU_07,58,576.55,0,415
2025-08-02,SKU_07,0,192.31,0,1
2025-08-03,SKU_07,0,483.99,1,1
2025-08-04,SKU_07,0,352.83,0,3
2025-08-05,SKU_07,2,330.74,0,18
2025-08-06,SKU_07,0,45.03,1,3
2025-08-07,SKU_07,19,704.48,0,124
2025-08-08,SKU_07,0,467.56,0,1
2025-08-09,SKU_07,0,53.35,1,1
2025-08-10,SKU_07,0,87.31,0,2
2025-08-11,SKU_07,0,175.15,0,0
2025-08-12,SKU_07,0,162.75,0,1
2025-08-13,SKU_07,0,273.07,0,0
2025-08-14,SKU_07,11,483.39,0,204
2025-08-15,SKU_07,1,60.03,0,9
2025-08-16,SKU_07,19,524.03,0,232
2025-08-17,SKU_07,0,580.31,0,0
2025-08-18,SKU_07,1,737.59,0,4
2025-08-19,SKU_07,0,653.71,0,1
2025-08-20,SKU_07,0,496.62,0,0
2025-08-21,SKU_07,0,160.76,0,0
2025-02-23,SKU_08,107,731.76,0,1681
2025-02-24,SKU_08,85,624.7,0,500
2025-02-25,SKU_08,113,530.17,0,1089
2025-02-26,SKU_08,95,500.63,0,731
2025-02-27,SKU_08,116,384.1,0,659
2025-02-28,SKU_08,118,239.97,0,1312
2025-03-01,SKU_08,110,422.29,0,1711
2025-03-02,SKU_08,103,71.69,0,1563
2025-03-03,SKU_08,111,161.39,0,652
2025-03-04,SKU_08,101,720.5,0,1122
2025-03-05,SKU_08,101,377.58,0,1536
2025-03-06,SKU_08,100,128.92,0,1547
2025-03-07,SKU_08,82,582.33,0,904
2025-03-08,SKU_08,93,588.62,0,617
2025-03-09,SKU_08,117,121.29,0,1408
2025-03-10,SKU_08,104,70.08,0,1805
2025-03-11,SKU_08,115,732.77,0,670
2025-03-12,SKU_08,124,717.01,0,2117
2025-03-13,SKU_08,95,337.95,0,907
2025-03-14,SKU_08,108,389.73,0,1613
2025-03-15,SKU_08,119,327.23,0,1310
2025-03-16,SKU_08,106,327.48,0,1405
2025-03-17,SKU_08,119,353.97,0,1239
2025-03-18,SKU_08,111,165.61,0,979
2025-03-19,SKU_08,92,427.93,0,791
2025-03-20,SKU_08,101,243.82,0,1616
2025-03-21,SKU_08,96,385.03,0,1282
2025-03-22,SKU_08,112,334.2,0,1687
2025-03-23,SKU_08,102,667.13,0,721
2025-03-24,SKU_08,95,650.63,0,1700
2025-03-25,SKU_08,93,200.94,0,460
2025-03-26,SKU_08,101,589.94,0,801
2025-03-27,SKU_08,98,707.65,0,1365
2025-03-28,SKU_08,105,589.16,0,1684
2025-03-29,SKU_08,100,551.88,0,500
2025-03-30,SKU_08,122,116.49,0,998
2025-03-31,SKU_08,107,225.16,0,1042
2025-04-01,SKU_08,102,507.65,0,848
2025-04-02,SKU_08,91,131.62,0,456
2025-04-03,SKU_08,175,653.73,1,3389
2025-04-04,SKU_08,119,310.48,0,1354
2025-04-05,SKU_08,112,283.84,0,1573
2025-04-06,SKU_08,102,360.15,0,961
2025-04-07,SKU_08,95,749.94,0,1249
2025-04-08,SKU_08,107,161.78,0,729
2025-04-09,SKU_08,85,548.85,0,405
2025-04-10,SKU_08,174,250.57,1,2417
2025-04-11,SKU_08,107,306.04,0,521
2025-04-12,SKU_08,199,358.61,1,3089
2025-04-13,SKU_08,113,41.54,0,1364
2025-04-14,SKU_08,105,300.46,0,955
2025-04-15,SKU_08,139,511.72,1,1665
2025-04-16,SKU_08,104,463.57,0,1036
2025-04-17,SKU_08,107,49.15,0,1167
2025-04-18,SKU_08,91,430.94,0,932
2025-04-19,SKU_08,135,461.08,0,1298
2025-04-20,SKU_08,108,564.47,0,2015
2025-04-21,SKU_08,146,552.12,1,777
2025-04-22,SKU_08,135,462.29,1,2251
2025-04-23,SKU_08,96,348.3,0,1612
2025-04-24,SKU_08,119,287.5,0,975
2025-04-25,SKU_08,99,85.65,0,1656
2025-04-26,SKU_08,125,62.25,0,1971
2025-04-27,SKU_08,110,488.99,0,1201
2025-04-28,SKU_08,94,118.22,0,786
2025-04-29,SKU_08,89,327.43,0,1591
2025-04-30,SKU_08,123,421.32,0,1860
2025-05-01,SKU_08,100,339.16,0,1690
2025-05-02,SKU_08,86,712.04,0,663
2025-05-03,SKU_08,96,495.37,0,1747
2025-05-04,SKU_08,86,600.34,0,696
2025-05-05,SKU_08,102,291.73,0,1440
2025-05-06,SKU_08,187,726.94,1,1728
2025-05-07,SKU_08,120,478.29,0,1539
2025-05-08,SKU_08,108,340.46,0,1841
2025-05-09,SKU_08,111,303.14,0,1813
2025-05-10,SKU_08,128,732.53,0,779
2025-05-11,SKU_08,113,338.97,0,1265
2025-05-12,SKU_08,114,431.48,0,680
2025-05-13,SKU_08,94,399.84,0,961
2025-05-14,SKU_08,201,315.19,1,1238
2025-05-15,SKU_08,103,188.25,0,503
2025-05-16,SKU_08,98,371.76,0,491
2025-05-17,SKU_08,117,376.93,0,785
2025-05-18,SKU_08,116,255.71,0,525
2025-05-19,SKU_08,78,123.13,0,795
2025-05-20,SKU_08,110,646.82,0,505
2025-05-21,SKU_08,103,451.39,0,1746
2025-05-22,SKU_08,100,205.23,0,965
2025-05-23,SKU_08,121,580.52,0,1909
2025-05-24,SKU_08,115,70.19,0,1165
2025-05-25,SKU_08,129,93.86,0,1444
2025-05-26,SKU_08,172,167.63,1,2770
2025-05-27,SKU_08,102,195.68,0,767
2025-05-28,SKU_08,106,242.92,0,1393
2025-05-29,SKU_08,116,753.23,0,1377
2025-05-30,SKU_08,109,393.88,0,1782
2025-05-31,SKU_08,108,459.72,0,1214
2025-06-01,SKU_08,193,101.59,1,991
2025-06-02,SKU_08,96,381.4,0,1223
2025-06-03,SKU_08,103,447.48,0,733
2025-06-04,SKU_08,163,318.62,1,2696
2025-06-05,SKU_08,108,497.69,0,1568
2025-06-06,SKU_08,113,183.31,0,2166
2025-06-07,SKU_08,105,338.83,0,1727
2025-06-08,SKU_08,108,655.88,0,1785
2025-06-09,SKU_08,95,148.63,0,1041
2025-06-10,SKU_08,124,613.28,0,1971
2025-06-11,SKU_08,97,737.62,0,477
2025-06-12,SKU_08,111,413.97,0,1550
2025-06-13,SKU_08,105,736.75,0,1962
2025-06-14,SKU_08,198,688.93,1,2591
2025-06-15,SKU_08,97,458.58,0,981
2025-06-16,SKU_08,100,62.11,0,1577
2025-06-17,SKU_08,107,493.76,0,1526
2025-06-18,SKU_08,176,548.24,1,2100
2025-06-19,SKU_08,107,58.66,0,637
2025-06-20,SKU_08,107,482.86,0,1464
2025-06-21,SKU_08,128,674.71,0,624
2025-06-22,SKU_08,118,209.28,0,2319
2025-06-23,SKU_08,124,111.73,0,1352
2025-06-24,SKU_08,113,176.03,0,1881
2025-06-25,SKU_08,102,438.64,0,677
2025-06-26,SKU_08,101,683.61,0,1947
2025-06-27,SKU_08,209,89.42,1,2101
2025-06-28,SKU_08,112,675.71,0,560
2025-06-29,SKU_08,100,62.96,0,1804
2025-06-30,SKU_08,101,112.08,0,1648
2025-07-01,SKU_08,85,706.67,0,896
2025-07-02,SKU_08,97,518.32,0,1614
2025-07-03,SKU_08,111,521.91,0,1948
2025-07-04,SKU_08,113,332.81,0,1699
2025-07-05,SKU_08,105,692.45,0,522
2025-07-06,SKU_08,173,467.3,1,1183
2025-07-07,SKU_08,121,289.61,0,1935
2025-07-08,SKU_08,99,542.29,0,675
2025-07-09,SKU_08,95,388.06,0,1010
2025-07-10,SKU_08,86,89.81,0,1123
2025-07-11,SKU_08,99,379.24,0,1454
2025-07-12,SKU_08,108,77.83,0,551
2025-07-13,SKU_08,101,414.82,0,1920
2025-07-14,SKU_08,104,581.52,0,705
2025-07-15,SKU_08,80,317.94,0,1430
2025-07-16,SKU_08,178,432.61,1,1246
2025-07-17,SKU_08,102,650.95,0,1666
2025-07-18,SKU_08,73,428.7,0,646
2025-07-19,SKU_08,110,410.49,0,498
2025-07-20,SKU_08,134,646.63,0,742
2025-07-21,SKU_08,129,735.46,1,2044
2025-07-22,SKU_08,100,135.78,0,924
2025-07-23,SKU_08,131,462.11,0,1942
2025-07-24,SKU_08,104,432.79,0,1127
2025-07-25,SKU_08,98,278.73,0,1271
2025-07-26,SKU_08,94,428.85,0,505
2025-07-27,SKU_08,87,372.35,0,920
2025-07-28,SKU_08,102,127.6,0,1861
2025-07-29,SKU_08,111,449.75,0,718
2025-07-30,SKU_08,100,39.96,0,1497
2025-07-31,SKU_08,190,429.97,1,1895
2025-08-01,SKU_08,101,309.21,0,1420
2025-08-02,SKU_08,107,70.84,0,1614
2025-08-03,SKU_08,121,195.5,0,1692
2025-08-04,SKU_08,109,556.5,0,1219
2025-08-05,SKU_08,97,204.24,0,706
2025-08-06,SKU_08,114,110.21,0,1645
2025-08-07,SKU_08,104,639.42,0,1438
2025-08-08,SKU_08,215,44.97,1,2815
2025-08-09,SKU_08,102,77.01,0,1415
2025-08-10,SKU_08,95,407.73,0,1628
2025-08-11,SKU_08,111,743.72,0,1625
2025-08-12,SKU_08,103,330.86,0,864
2025-08-13,SKU_08,119,396.36,0,1420
2025-08-14,SKU_08,97,34.95,0,975
2025-08-15,SKU_08,121,292.25,0,1845
2025-08-16,SKU_08,99,428.42,0,606
2025-08-17,SKU_08,121,220.54,0,1196
2025-08-18,SKU_08,169,334.97,1,1502
2025-08-19,SKU_08,119,333.76,0,1907
2025-08-20,SKU_08,174,209.38,1,1563
2025-08-21,SKU_08,127,310.33,0,1263
2025-02-23,SKU_09,134,137.79,0,1903
2025-02-24,SKU_09,147,280.27,0,1470
2025-02-25,SKU_09,120,636.65,0,1101
2025-02-26,SKU_09,150,519.31,0,1136
2025-02-27,SKU_09,120,147.18,0,1849
2025-02-28,SKU_09,294,208.43,1,4764
2025-03-01,SKU_09,165,624.01,0,1823
2025-03-02,SKU_09,255,301.6,1,3789
2025-03-03,SKU_09,143,84.12,0,1988
2025-03-04,SKU_09,127,662.95,0,1947
2025-03-05,SKU_09,165,80.31,0,1643
2025-03-06,SKU_09,143,539.65,0,1465
2025-03-07,SKU_09,144,719.89,0,2050
2025-03-08,SKU_09,164,477.49,0,1631
2025-03-09,SKU_09,187,263.86,0,2042
2025-03-10,SKU_09,148,620.37,0,1077
2025-03-11,SKU_09,113,754.67,0,600
2025-03-12,SKU_09,158,396.7,0,3018
2025-03-13,SKU_09,147,729.11,0,2197
2025-03-14,SKU_09,147,323.01,0,1575
2025-03-15,SKU_09,132,279.54,0,1725
2025-03-16,SKU_09,167,585.58,0,1222
2025-03-17,SKU_09,145,135.36,0,2742
2025-03-18,SKU_09,151,150.24,0,1963
2025-03-19,SKU_09,136,44.76,0,2054
2025-03-20,SKU_09,144,588.28,0,1021
2025-03-21,SKU_09,151,449.48,0,2764
2025-03-22,SKU_09,152,628.59,0,1239
2025-03-23,SKU_09,161,438.72,0,2522
2025-03-24,SKU_09,149,631.68,0,1939
2025-03-25,SKU_09,146,172.36,0,2189
2025-03-26,SKU_09,134,345.17,0,780
2025-03-27,SKU_09,141,392.06,0,1054
2025-03-28,SKU_09,144,630.74,0,817
2025-03-29,SKU_09,295,207.72,1,4420
2025-03-30,SKU_09,143,76.08,0,2565
2025-03-31,SKU_09,149,292.04,0,2255
2025-04-01,SKU_09,162,255.24,0,1807
2025-04-02,SKU_09,129,647.8,0,1052
2025-04-03,SKU_09,143,633.54,0,2293
2025-04-04,SKU_09,167,635.45,0,2684
2025-04-05,SKU_09,146,174.2,0,1743
2025-04-06,SKU_09,158,595.63,0,1995
2025-04-07,SKU_09,160,629.84,0,2788
2025-04-08,SKU_09,171,359.88,0,2249
2025-04-09,SKU_09,135,338.96,0,676
2025-04-10,SKU_09,216,441.42,1,3362
2025-04-11,SKU_09,154,456.24,0,1362
2025-04-12,SKU_09,156,475.76,0,1265
2025-04-13,SKU_09,157,288.29,0,1567
2025-04-14,SKU_09,117,675.9,0,1799
2025-04-15,SKU_09,141,148.83,0,1091
2025-04-16,SKU_09,141,291.88,0,885
2025-04-17,SKU_09,140,118.26,0,2433
2025-04-18,SKU_09,140,178.24,0,2100
2025-04-19,SKU_09,136,192.34,0,2580
2025-04-20,SKU_09,130,209.16,0,894
2025-04-21,SKU_09,146,264.81,0,2553
2025-04-22,SKU_09,124,258.67,0,1346
2025-04-23,SKU_09,138,55.59,0,1917
2025-04-24,SKU_09,149,244.37,0,1429
2025-04-25,SKU_09,141,593.94,0,2444
2025-04-26,SKU_09,181,45.18,0,2728
2025-04-27,SKU_09,122,448.27,0,1560
2025-04-28,SKU_09,145,429.59,0,2060
2025-04-29,SKU_09,146,726.75,0,1206
2025-04-30,SKU_09,138,78.74,0,2000
2025-05-01,SKU_09,146,95.22,0,2306
2025-05-02,SKU_09,143,126.99,0,2450
2025-05-03,SKU_09,179,570.05,0,2664
2025-05-04,SKU_09,134,117.58,0,2226
2025-05-05,SKU_09,137,618.52,0,1562
2025-05-06,SKU_09,119,67.02,0,1204
2025-05-07,SKU_09,140,393.45,0,2642
2025-05-08,SKU_09,150,79.91,0,2112
2025-05-09,SKU_09,137,197.65,0,1359
2025-05-10,SKU_09,139,173.11,0,1506
2025-05-11,SKU_09,224,283.29,1,3059
2025-05-12,SKU_09,157,147.55,0,2435
2025-05-13,SKU_09,156,134.24,0,1748
2025-05-14,SKU_09,136,200.71,0,2462
2025-05-15,SKU_09,144,451.7,0,2188
2025-05-16,SKU_09,149,404.65,0,2653
2025-05-17,SKU_09,248,334.94,1,1515
2025-05-18,SKU_09,180,502.93,0,3002
2025-05-19,SKU_09,141,404.45,0,1483
2025-05-20,SKU_09,155,108.15,0,1222
2025-05-21,SKU_09,143,606.76,0,1150
2025-05-22,SKU_09,155,416.68,0,2494
2025-05-23,SKU_09,162,556.33,0,2593
2025-05-24,SKU_09,161,301.19,0,2347
2025-05-25,SKU_09,146,378.71,0,1563
2025-05-26,SKU_09,203,561.62,1,1789
2025-05-27,SKU_09,144,485.84,0,2036
2025-05-28,SKU_09,132,490.81,0,1187
2025-05-29,SKU_09,187,612.76,1,3326
2025-05-30,SKU_09,133,567.29,0,1810
2025-05-31,SKU_09,159,57.83,0,1104
2025-06-01,SKU_09,171,78.18,0,2052
2025-06-02,SKU_09,150,301.43,0,1578
2025-06-03,SKU_09,147,157.36,0,1051
2025-06-04,SKU_09,118,419.97,0,1533
2025-06-05,SKU_09,140,418.24,0,838
2025-06-06,SKU_09,144,80.64,0,1156
2025-06-07,SKU_09,144,133.48,0,1790
2025-06-08,SKU_09,277,264.21,1,4713
2025-06-09,SKU_09,135,480.81,0,1306
2025-06-10,SKU_09,165,681.39,0,1143
2025-06-11,SKU_09,158,162.16,0,2213
2025-06-12,SKU_09,143,425.42,0,850
2025-06-13,SKU_09,147,272.99,0,2359
2025-06-14,SKU_09,151,373.06,0,1259
2025-06-15,SKU_09,148,443.28,0,2515
2025-06-16,SKU_09,136,408.95,0,2396
2025-06-17,SKU_09,144,94.55,0,1748
2025-06-18,SKU_09,128,585.8,0,1800
2025-06-19,SKU_09,150,150.12,0,1968
2025-06-20,SKU_09,151,159.02,0,1549
2025-06-21,SKU_09,153,364.56,0,2287
2025-06-22,SKU_09,162,443.86,0,971
2025-06-23,SKU_09,159,387.16,0,1432
2025-06-24,SKU_09,249,135.97,1,2159
2025-06-25,SKU_09,138,623.53,0,1919
2025-06-26,SKU_09,262,423.69,1,3932
2025-06-27,SKU_09,128,442.43,0,869
2025-06-28,SKU_09,137,730.43,0,1136
2025-06-29,SKU_09,159,75.68,0,1847
2025-06-30,SKU_09,126,704.23,0,903
2025-07-01,SKU_09,147,412.66,0,1155
2025-07-02,SKU_09,209,124.18,1,1833
2025-07-03,SKU_09,148,377.68,0,1629
2025-07-04,SKU_09,157,166.02,0,2009
2025-07-05,SKU_09,162,270.22,0,1635
2025-07-06,SKU_09,159,591.48,0,1301
2025-07-07,SKU_09,137,736.1,0,2565
2025-07-08,SKU_09,145,559.88,0,2138
2025-07-09,SKU_09,146,597.19,0,2061
2025-07-10,SKU_09,130,519.74,0,2286
2025-07-11,SKU_09,143,634.16,0,716
2025-07-12,SKU_09,128,712.03,0,1565
2025-07-13,SKU_09,172,178.67,0,2883
2025-07-14,SKU_09,145,96.74,0,2552
2025-07-15,SKU_09,135,670.65,0,1216
2025-07-16,SKU_09,140,441.89,0,1857
2025-07-17,SKU_09,134,696.49,0,1506
2025-07-18,SKU_09,133,107.09,0,1112
2025-07-19,SKU_09,126,321.51,0,1773
2025-07-20,SKU_09,140,300.22,0,1177
2025-07-21,SKU_09,138,254.9,0,2607
2025-07-22,SKU_09,128,600.34,0,2463
2025-07-23,SKU_09,127,676.18,0,1405
2025-07-24,SKU_09,123,673.95,0,1418
2025-07-25,SKU_09,127,383.6,0,1440
2025-07-26,SKU_09,129,413.1,0,1635
2025-07-27,SKU_09,151,561.29,0,2188
2025-07-28,SKU_09,150,697.03,0,2579
2025-07-29,SKU_09,150,224.57,0,1452
2025-07-30,SKU_09,146,211.0,0,1663
2025-07-31,SKU_09,149,360.04,0,1510
2025-08-01,SKU_09,143,383.07,0,1746
2025-08-02,SKU_09,154,127.31,0,1604
2025-08-03,SKU_09,137,434.42,0,1173
2025-08-04,SKU_09,159,513.68,0,788
2025-08-05,SKU_09,158,376.68,0,1419
2025-08-06,SKU_09,143,293.5,0,1294
2025-08-07,SKU_09,135,85.3,0,2570
2025-08-08,SKU_09,150,53.5,0,829
2025-08-09,SKU_09,166,670.22,0,2146
2025-08-10,SKU_09,183,200.6,0,2231
2025-08-11,SKU_09,134,548.94,0,1757
2025-08-12,SKU_09,159,174.01,0,813
2025-08-13,SKU_09,155,598.25,0,765
2025-08-14,SKU_09,144,343.68,0,1857
2025-08-15,SKU_09,116,232.33,0,555
2025-08-16,SKU_09,157,335.39,0,1564
2025-08-17,SKU_09,120,445.66,0,948
2025-08-18,SKU_09,135,43.64,0,1426
2025-08-19,SKU_09,160,383.69,0,1710
2025-08-20,SKU_09,138,40.95,0,812
2025-08-21,SKU_09,211,427.09,1,3789
2025-02-23,SKU_10,151,253.32,0,1365
2025-02-24,SKU_10,160,122.74,0,2260
2025-02-25,SKU_10,178,136.46,0,3133
2025-02-26,SKU_10,288,186.76,1,2585
2025-02-27,SKU_10,155,481.93,0,1071
2025-02-28,SKU_10,171,244.37,0,2560
2025-03-01,SKU_10,353,202.31,1,5583
2025-03-02,SKU_10,149,501.0,0,1030
2025-03-03,SKU_10,159,423.6,0,1952
2025-03-04,SKU_10,273,340.72,1,1825
2025-03-05,SKU_10,154,481.03,0,2016
2025-03-06,SKU_10,156,449.1,0,3082
2025-03-07,SKU_10,178,71.24,0,1799
2025-03-08,SKU_10,192,694.51,0,2929
2025-03-09,SKU_10,206,76.79,0,2528
2025-03-10,SKU_10,159,550.38,0,812
2025-03-11,SKU_10,192,98.86,0,1813
2025-03-12,SKU_10,175,588.38,0,1880
2025-03-13,SKU_10,171,662.84,0,1717
2025-03-14,SKU_10,160,367.49,0,2622
2025-03-15,SKU_10,162,586.44,0,2744
2025-03-16,SKU_10,162,442.83,0,2476
2025-03-17,SKU_10,152,753.26,0,1231
2025-03-18,SKU_10,155,517.81,0,1266
2025-03-19,SKU_10,156,200.77,0,3047
2025-03-20,SKU_10,167,272.13,0,3167
2025-03-21,SKU_10,185,32.73,0,2546
2025-03-22,SKU_10,221,562.64,0,3926
2025-03-23,SKU_10,177,126.15,0,1281
2025-03-24,SKU_10,152,529.86,0,2618
2025-03-25,SKU_10,186,323.2,0,2728
2025-03-26,SKU_10,180,355.44,0,2362
2025-03-27,SKU_10,269,280.34,1,2365
2025-03-28,SKU_10,195,38.64,0,3245
2025-03-29,SKU_10,172,36.33,0,862
2025-03-30,SKU_10,202,683.97,0,1223
2025-03-31,SKU_10,180,186.21,0,3331
2025-04-01,SKU_10,163,568.65,0,3158
2025-04-02,SKU_10,185,207.45,0,2081
2025-04-03,SKU_10,158,467.6,0,2701
2025-04-04,SKU_10,174,420.74,0,837
2025-04-05,SKU_10,179,570.39,0,2066
2025-04-06,SKU_10,174,109.73,0,1311
2025-04-07,SKU_10,213,578.63,1,1683
2025-04-08,SKU_10,164,62.18,0,1774
2025-04-09,SKU_10,225,729.31,1,2562
2025-04-10,SKU_10,133,187.59,0,1525
2025-04-11,SKU_10,203,496.94,0,1218
2025-04-12,SKU_10,314,66.58,1,2213
2025-04-13,SKU_10,154,459.53,0,2608
2025-04-14,SKU_10,166,639.84,0,3080
2025-04-15,SKU_10,150,143.98,0,2285
2025-04-16,SKU_10,173,570.69,0,2418
2025-04-17,SKU_10,161,68.42,0,2858
2025-04-18,SKU_10,324,207.97,1,4845
2025-04-19,SKU_10,193,505.5,0,2563
2025-04-20,SKU_10,164,426.69,0,840
2025-04-21,SKU_10,145,282.55,0,2507
2025-04-22,SKU_10,145,353.42,0,2180
2025-04-23,SKU_10,166,452.56,0,1984
2025-04-24,SKU_10,360,737.31,1,2119
2025-04-25,SKU_10,181,209.3,0,1743
2025-04-26,SKU_10,204,439.14,0,2268
2025-04-27,SKU_10,153,186.09,0,1500
2025-04-28,SKU_10,182,288.8,0,2107
2025-04-29,SKU_10,174,462.94,0,1036
2025-04-30,SKU_10,183,668.24,0,1152
2025-05-01,SKU_10,191,493.48,0,3438
2025-05-02,SKU_10,164,343.35,0,1027
2025-05-03,SKU_10,165,316.72,0,1324
2025-05-04,SKU_10,177,668.27,0,1239
2025-05-05,SKU_10,164,326.56,0,3047
2025-05-06,SKU_10,330,72.32,1,5311
2025-05-07,SKU_10,149,145.0,0,1210
2025-05-08,SKU_10,168,38.38,0,1018
2025-05-09,SKU_10,190,172.96,0,1296
2025-05-10,SKU_10,217,264.95,0,1766
2025-05-11,SKU_10,196,476.57,0,3121
2025-05-12,SKU_10,372,751.61,1,1828
2025-05-13,SKU_10,168,732.71,0,811
2025-05-14,SKU_10,162,340.96,0,2199
2025-05-15,SKU_10,159,698.94,0,2735
2025-05-16,SKU_10,307,233.94,1,3703
2025-05-17,SKU_10,178,357.84,0,1061
2025-05-18,SKU_10,223,261.04,0,3064
2025-05-19,SKU_10,252,357.37,1,3492
2025-05-20,SKU_10,171,457.89,0,2942
2025-05-21,SKU_10,160,157.16,0,2852
2025-05-22,SKU_10,159,66.45,0,1926
2025-05-23,SKU_10,179,300.85,0,1093
2025-05-24,SKU_10,180,271.23,0,2664
2025-05-25,SKU_10,188,168.09,0,1699
2025-05-26,SKU_10,167,719.08,0,1212
2025-05-27,SKU_10,203,570.3,0,2075
2025-05-28,SKU_10,168,58.39,0,1790
2025-05-29,SKU_10,157,286.84,0,1011
2025-05-30,SKU_10,189,594.32,0,2273
2025-05-31,SKU_10,180,320.84,0,2552
2025-06-01,SKU_10,306,522.5,1,3463
2025-06-02,SKU_10,184,730.22,0,1701
2025-06-03,SKU_10,164,656.01,0,831
2025-06-04,SKU_10,190,575.36,0,1103
2025-06-05,SKU_10,183,526.93,0,936
2025-06-06,SKU_10,171,417.92,0,2610
2025-06-07,SKU_10,380,303.2,1,4319
2025-06-08,SKU_10,146,462.89,0,1606
2025-06-09,SKU_10,171,282.18,0,3193
2025-06-10,SKU_10,151,320.89,0,2385
2025-06-11,SKU_10,256,115.17,1,3997
2025-06-12,SKU_10,299,540.25,1,1755
2025-06-13,SKU_10,189,559.2,0,1883
2025-06-14,SKU_10,182,749.92,0,3361
2025-06-15,SKU_10,183,369.86,0,2167
2025-06-16,SKU_10,278,331.35,1,2501
2025-06-17,SKU_10,183,625.26,0,1483
2025-06-18,SKU_10,167,342.64,0,2296
2025-06-19,SKU_10,167,192.72,0,2456
2025-06-20,SKU_10,168,200.68,0,1561
2025-06-21,SKU_10,174,649.51,0,1555
2025-06-22,SKU_10,189,82.61,0,2052
2025-06-23,SKU_10,163,447.5,0,1921
2025-06-24,SKU_10,171,682.47,0,2931
2025-06-25,SKU_10,175,537.51,0,1054
2025-06-26,SKU_10,179,36.55,0,3029
2025-06-27,SKU_10,145,407.43,0,1310
2025-06-28,SKU_10,329,230.35,1,2624
2025-06-29,SKU_10,249,536.68,1,2810
2025-06-30,SKU_10,146,271.73,0,919
2025-07-01,SKU_10,168,738.78,0,1004
2025-07-02,SKU_10,251,386.7,1,3344
2025-07-03,SKU_10,167,214.54,0,1431
2025-07-04,SKU_10,186,174.1,0,3189
2025-07-05,SKU_10,190,224.48,0,1884
2025-07-06,SKU_10,209,404.37,0,3137
2025-07-07,SKU_10,169,497.67,0,2536
2025-07-08,SKU_10,163,209.12,0,1518
2025-07-09,SKU_10,189,533.2,0,3625
2025-07-10,SKU_10,190,375.87,0,3399
2025-07-11,SKU_10,165,32.63,0,1671
2025-07-12,SKU_10,175,44.17,0,2739
2025-07-13,SKU_10,185,749.91,0,849
2025-07-14,SKU_10,174,465.82,0,1198
2025-07-15,SKU_10,173,464.04,0,2697
2025-07-16,SKU_10,191,414.57,0,1899
2025-07-17,SKU_10,167,609.74,0,2171
2025-07-18,SKU_10,178,300.85,0,3283
2025-07-19,SKU_10,143,89.81,0,1528
2025-07-20,SKU_10,166,493.45,0,2302
2025-07-21,SKU_10,159,681.07,0,2255
2025-07-22,SKU_10,176,472.92,0,3199
2025-07-23,SKU_10,171,148.55,0,1626
2025-07-24,SKU_10,191,699.29,0,3439
2025-07-25,SKU_10,170,726.69,0,2970
2025-07-26,SKU_10,192,609.98,0,3643
2025-07-27,SKU_10,195,408.52,0,1339
2025-07-28,SKU_10,169,147.15,0,1168
2025-07-29,SKU_10,170,709.13,0,2873
2025-07-30,SKU_10,184,648.2,0,2506
2025-07-31,SKU_10,188,110.9,0,2838
2025-08-01,SKU_10,159,129.34,0,1024
2025-08-02,SKU_10,180,252.48,0,1119
2025-08-03,SKU_10,203,490.67,0,3265
2025-08-04,SKU_10,210,269.81,0,2440
2025-08-05,SKU_10,274,156.66,1,3575
2025-08-06,SKU_10,163,707.53,0,3178
2025-08-07,SKU_10,183,407.74,0,2756
2025-08-08,SKU_10,161,376.55,0,1870
2025-08-09,SKU_10,176,328.32,0,3023
2025-08-10,SKU_10,191,688.72,0,3112
2025-08-11,SKU_10,154,669.9,0,2893
2025-08-12,SKU_10,172,528.81,0,813
2025-08-13,SKU_10,265,548.59,1,4445
2025-08-14,SKU_10,180,194.7,0,3134
2025-08-15,SKU_10,164,717.58,0,968
2025-08-16,SKU_10,150,112.0,0,1891
2025-08-17,SKU_10,166,234.86,0,1634
2025-08-18,SKU_10,168,62.0,0,2374
2025-08-19,SKU_10,166,83.48,0,2745
2025-08-20,SKU_10,177,139.99,0,1218
2025-08-21,SKU_10,172,470.31,0,1933
